"","Var1","Var2","Var3","value","L1"
"1",1,"Female",1,0.536917602740542,"USfixed_preIFQ"
"2",2,"Female",1,0.536917602740542,"USfixed_preIFQ"
"3",3,"Female",1,0.536917602740542,"USfixed_preIFQ"
"4",4,"Female",1,0.536917602740542,"USfixed_preIFQ"
"5",5,"Female",1,0.536917602740542,"USfixed_preIFQ"
"6",6,"Female",1,0.536917602740542,"USfixed_preIFQ"
"7",1,"Male",1,0.340706713213983,"USfixed_preIFQ"
"8",2,"Male",1,0.340706713213983,"USfixed_preIFQ"
"9",3,"Male",1,0.340706713213983,"USfixed_preIFQ"
"10",4,"Male",1,0.340706713213983,"USfixed_preIFQ"
"11",5,"Male",1,0.340706713213983,"USfixed_preIFQ"
"12",6,"Male",1,0.340706713213983,"USfixed_preIFQ"
"13",1,"Female",2,0.737326625978145,"USfixed_preIFQ"
"14",2,"Female",2,0.737326625978145,"USfixed_preIFQ"
"15",3,"Female",2,0.737326625978145,"USfixed_preIFQ"
"16",4,"Female",2,0.737326625978145,"USfixed_preIFQ"
"17",5,"Female",2,0.737326625978145,"USfixed_preIFQ"
"18",6,"Female",2,0.737326625978145,"USfixed_preIFQ"
"19",1,"Male",2,0.463513358951474,"USfixed_preIFQ"
"20",2,"Male",2,0.463513358951474,"USfixed_preIFQ"
"21",3,"Male",2,0.463513358951474,"USfixed_preIFQ"
"22",4,"Male",2,0.463513358951474,"USfixed_preIFQ"
"23",5,"Male",2,0.463513358951474,"USfixed_preIFQ"
"24",6,"Male",2,0.463513358951474,"USfixed_preIFQ"
"25",1,"Female",3,0.871725227029965,"USfixed_preIFQ"
"26",2,"Female",3,0.871725227029965,"USfixed_preIFQ"
"27",3,"Female",3,0.871725227029965,"USfixed_preIFQ"
"28",4,"Female",3,0.871725227029965,"USfixed_preIFQ"
"29",5,"Female",3,0.871725227029965,"USfixed_preIFQ"
"30",6,"Female",3,0.871725227029965,"USfixed_preIFQ"
"31",1,"Male",3,0.590911209669935,"USfixed_preIFQ"
"32",2,"Male",3,0.590911209669935,"USfixed_preIFQ"
"33",3,"Male",3,0.590911209669935,"USfixed_preIFQ"
"34",4,"Male",3,0.590911209669935,"USfixed_preIFQ"
"35",5,"Male",3,0.590911209669935,"USfixed_preIFQ"
"36",6,"Male",3,0.590911209669935,"USfixed_preIFQ"
"37",1,"Female",4,0.942701737476575,"USfixed_preIFQ"
"38",2,"Female",4,0.942701737476575,"USfixed_preIFQ"
"39",3,"Female",4,0.942701737476575,"USfixed_preIFQ"
"40",4,"Female",4,0.942701737476575,"USfixed_preIFQ"
"41",5,"Female",4,0.942701737476575,"USfixed_preIFQ"
"42",6,"Female",4,0.942701737476575,"USfixed_preIFQ"
"43",1,"Male",4,0.707168900642425,"USfixed_preIFQ"
"44",2,"Male",4,0.707168900642425,"USfixed_preIFQ"
"45",3,"Male",4,0.707168900642425,"USfixed_preIFQ"
"46",4,"Male",4,0.707168900642425,"USfixed_preIFQ"
"47",5,"Male",4,0.707168900642425,"USfixed_preIFQ"
"48",6,"Male",4,0.707168900642425,"USfixed_preIFQ"
"49",1,"Female",5,0.975509142337174,"USfixed_preIFQ"
"50",2,"Female",5,0.975509142337174,"USfixed_preIFQ"
"51",3,"Female",5,0.975509142337174,"USfixed_preIFQ"
"52",4,"Female",5,0.975509142337174,"USfixed_preIFQ"
"53",5,"Female",5,0.975509142337174,"USfixed_preIFQ"
"54",6,"Female",5,0.975509142337174,"USfixed_preIFQ"
"55",1,"Male",5,0.801486901634164,"USfixed_preIFQ"
"56",2,"Male",5,0.801486901634164,"USfixed_preIFQ"
"57",3,"Male",5,0.801486901634164,"USfixed_preIFQ"
"58",4,"Male",5,0.801486901634164,"USfixed_preIFQ"
"59",5,"Male",5,0.801486901634164,"USfixed_preIFQ"
"60",6,"Male",5,0.801486901634164,"USfixed_preIFQ"
"61",1,"Female",6,0.989736447246182,"USfixed_preIFQ"
"62",2,"Female",6,0.989736447246182,"USfixed_preIFQ"
"63",3,"Female",6,0.989736447246182,"USfixed_preIFQ"
"64",4,"Female",6,0.989736447246182,"USfixed_preIFQ"
"65",5,"Female",6,0.989736447246182,"USfixed_preIFQ"
"66",6,"Female",6,0.989736447246182,"USfixed_preIFQ"
"67",1,"Male",6,0.870968982642079,"USfixed_preIFQ"
"68",2,"Male",6,0.870968982642079,"USfixed_preIFQ"
"69",3,"Male",6,0.870968982642079,"USfixed_preIFQ"
"70",4,"Male",6,0.870968982642079,"USfixed_preIFQ"
"71",5,"Male",6,0.870968982642079,"USfixed_preIFQ"
"72",6,"Male",6,0.870968982642079,"USfixed_preIFQ"
"73",1,"Female",7,0.995734917881606,"USfixed_preIFQ"
"74",2,"Female",7,0.995734917881606,"USfixed_preIFQ"
"75",3,"Female",7,0.995734917881606,"USfixed_preIFQ"
"76",4,"Female",7,0.995734917881606,"USfixed_preIFQ"
"77",5,"Female",7,0.995734917881606,"USfixed_preIFQ"
"78",6,"Female",7,0.995734917881606,"USfixed_preIFQ"
"79",1,"Male",7,0.91860134936494,"USfixed_preIFQ"
"80",2,"Male",7,0.91860134936494,"USfixed_preIFQ"
"81",3,"Male",7,0.91860134936494,"USfixed_preIFQ"
"82",4,"Male",7,0.91860134936494,"USfixed_preIFQ"
"83",5,"Male",7,0.91860134936494,"USfixed_preIFQ"
"84",6,"Male",7,0.91860134936494,"USfixed_preIFQ"
"85",1,"Female",8,0.998233874875245,"USfixed_preIFQ"
"86",2,"Female",8,0.998233874875245,"USfixed_preIFQ"
"87",3,"Female",8,0.998233874875245,"USfixed_preIFQ"
"88",4,"Female",8,0.998233874875245,"USfixed_preIFQ"
"89",5,"Female",8,0.998233874875245,"USfixed_preIFQ"
"90",6,"Female",8,0.998233874875245,"USfixed_preIFQ"
"91",1,"Male",8,0.949666190923609,"USfixed_preIFQ"
"92",2,"Male",8,0.949666190923609,"USfixed_preIFQ"
"93",3,"Male",8,0.949666190923609,"USfixed_preIFQ"
"94",4,"Male",8,0.949666190923609,"USfixed_preIFQ"
"95",5,"Male",8,0.949666190923609,"USfixed_preIFQ"
"96",6,"Male",8,0.949666190923609,"USfixed_preIFQ"
"97",1,"Female",9,0.99926974017849,"USfixed_preIFQ"
"98",2,"Female",9,0.99926974017849,"USfixed_preIFQ"
"99",3,"Female",9,0.99926974017849,"USfixed_preIFQ"
"100",4,"Female",9,0.99926974017849,"USfixed_preIFQ"
"101",5,"Female",9,0.99926974017849,"USfixed_preIFQ"
"102",6,"Female",9,0.99926974017849,"USfixed_preIFQ"
"103",1,"Male",9,0.969272076297298,"USfixed_preIFQ"
"104",2,"Male",9,0.969272076297298,"USfixed_preIFQ"
"105",3,"Male",9,0.969272076297298,"USfixed_preIFQ"
"106",4,"Male",9,0.969272076297298,"USfixed_preIFQ"
"107",5,"Male",9,0.969272076297298,"USfixed_preIFQ"
"108",6,"Male",9,0.969272076297298,"USfixed_preIFQ"
"109",1,"Female",10,0.999698234837706,"USfixed_preIFQ"
"110",2,"Female",10,0.999698234837706,"USfixed_preIFQ"
"111",3,"Female",10,0.999698234837706,"USfixed_preIFQ"
"112",4,"Female",10,0.999698234837706,"USfixed_preIFQ"
"113",5,"Female",10,0.999698234837706,"USfixed_preIFQ"
"114",6,"Female",10,0.999698234837706,"USfixed_preIFQ"
"115",1,"Male",10,0.981390779504656,"USfixed_preIFQ"
"116",2,"Male",10,0.981390779504656,"USfixed_preIFQ"
"117",3,"Male",10,0.981390779504656,"USfixed_preIFQ"
"118",4,"Male",10,0.981390779504656,"USfixed_preIFQ"
"119",5,"Male",10,0.981390779504656,"USfixed_preIFQ"
"120",6,"Male",10,0.981390779504656,"USfixed_preIFQ"
"121",1,"Female",11,0.999875332992524,"USfixed_preIFQ"
"122",2,"Female",11,0.999875332992524,"USfixed_preIFQ"
"123",3,"Female",11,0.999875332992524,"USfixed_preIFQ"
"124",4,"Female",11,0.999875332992524,"USfixed_preIFQ"
"125",5,"Female",11,0.999875332992524,"USfixed_preIFQ"
"126",6,"Female",11,0.999875332992524,"USfixed_preIFQ"
"127",1,"Male",11,0.988785319323094,"USfixed_preIFQ"
"128",2,"Male",11,0.988785319323094,"USfixed_preIFQ"
"129",3,"Male",11,0.988785319323094,"USfixed_preIFQ"
"130",4,"Male",11,0.988785319323094,"USfixed_preIFQ"
"131",5,"Male",11,0.988785319323094,"USfixed_preIFQ"
"132",6,"Male",11,0.988785319323094,"USfixed_preIFQ"
"133",1,"Female",12,0.999948502183014,"USfixed_preIFQ"
"134",2,"Female",12,0.999948502183014,"USfixed_preIFQ"
"135",3,"Female",12,0.999948502183014,"USfixed_preIFQ"
"136",4,"Female",12,0.999948502183014,"USfixed_preIFQ"
"137",5,"Female",12,0.999948502183014,"USfixed_preIFQ"
"138",6,"Female",12,0.999948502183014,"USfixed_preIFQ"
"139",1,"Male",12,0.99326174710694,"USfixed_preIFQ"
"140",2,"Male",12,0.99326174710694,"USfixed_preIFQ"
"141",3,"Male",12,0.99326174710694,"USfixed_preIFQ"
"142",4,"Male",12,0.99326174710694,"USfixed_preIFQ"
"143",5,"Male",12,0.99326174710694,"USfixed_preIFQ"
"144",6,"Male",12,0.99326174710694,"USfixed_preIFQ"
"145",1,"Female",13,0.999978728042732,"USfixed_preIFQ"
"146",2,"Female",13,0.999978728042732,"USfixed_preIFQ"
"147",3,"Female",13,0.999978728042732,"USfixed_preIFQ"
"148",4,"Female",13,0.999978728042732,"USfixed_preIFQ"
"149",5,"Female",13,0.999978728042732,"USfixed_preIFQ"
"150",6,"Female",13,0.999978728042732,"USfixed_preIFQ"
"151",1,"Male",13,0.99595867656033,"USfixed_preIFQ"
"152",2,"Male",13,0.99595867656033,"USfixed_preIFQ"
"153",3,"Male",13,0.99595867656033,"USfixed_preIFQ"
"154",4,"Male",13,0.99595867656033,"USfixed_preIFQ"
"155",5,"Male",13,0.99595867656033,"USfixed_preIFQ"
"156",6,"Male",13,0.99595867656033,"USfixed_preIFQ"
"157",1,"Female",14,0.99999121345011,"USfixed_preIFQ"
"158",2,"Female",14,0.99999121345011,"USfixed_preIFQ"
"159",3,"Female",14,0.99999121345011,"USfixed_preIFQ"
"160",4,"Female",14,0.99999121345011,"USfixed_preIFQ"
"161",5,"Female",14,0.99999121345011,"USfixed_preIFQ"
"162",6,"Female",14,0.99999121345011,"USfixed_preIFQ"
"163",1,"Male",14,0.997578813735549,"USfixed_preIFQ"
"164",2,"Male",14,0.997578813735549,"USfixed_preIFQ"
"165",3,"Male",14,0.997578813735549,"USfixed_preIFQ"
"166",4,"Male",14,0.997578813735549,"USfixed_preIFQ"
"167",5,"Male",14,0.997578813735549,"USfixed_preIFQ"
"168",6,"Male",14,0.997578813735549,"USfixed_preIFQ"
"169",1,"Female",15,0.999996370672796,"USfixed_preIFQ"
"170",2,"Female",15,0.999996370672796,"USfixed_preIFQ"
"171",3,"Female",15,0.999996370672796,"USfixed_preIFQ"
"172",4,"Female",15,0.999996370672796,"USfixed_preIFQ"
"173",5,"Female",15,0.999996370672796,"USfixed_preIFQ"
"174",6,"Female",15,0.999996370672796,"USfixed_preIFQ"
"175",1,"Male",15,0.998550395040762,"USfixed_preIFQ"
"176",2,"Male",15,0.998550395040762,"USfixed_preIFQ"
"177",3,"Male",15,0.998550395040762,"USfixed_preIFQ"
"178",4,"Male",15,0.998550395040762,"USfixed_preIFQ"
"179",5,"Male",15,0.998550395040762,"USfixed_preIFQ"
"180",6,"Male",15,0.998550395040762,"USfixed_preIFQ"
"181",1,"Female",16,0.999998500893269,"USfixed_preIFQ"
"182",2,"Female",16,0.999998500893269,"USfixed_preIFQ"
"183",3,"Female",16,0.999998500893269,"USfixed_preIFQ"
"184",4,"Female",16,0.999998500893269,"USfixed_preIFQ"
"185",5,"Female",16,0.999998500893269,"USfixed_preIFQ"
"186",6,"Female",16,0.999998500893269,"USfixed_preIFQ"
"187",1,"Male",16,0.999132436183611,"USfixed_preIFQ"
"188",2,"Male",16,0.999132436183611,"USfixed_preIFQ"
"189",3,"Male",16,0.999132436183611,"USfixed_preIFQ"
"190",4,"Male",16,0.999132436183611,"USfixed_preIFQ"
"191",5,"Male",16,0.999132436183611,"USfixed_preIFQ"
"192",6,"Male",16,0.999132436183611,"USfixed_preIFQ"
"193",1,"Female",17,0.999999380789316,"USfixed_preIFQ"
"194",2,"Female",17,0.999999380789316,"USfixed_preIFQ"
"195",3,"Female",17,0.999999380789316,"USfixed_preIFQ"
"196",4,"Female",17,0.999999380789316,"USfixed_preIFQ"
"197",5,"Female",17,0.999999380789316,"USfixed_preIFQ"
"198",6,"Female",17,0.999999380789316,"USfixed_preIFQ"
"199",1,"Male",17,0.99948089935902,"USfixed_preIFQ"
"200",2,"Male",17,0.99948089935902,"USfixed_preIFQ"
"201",3,"Male",17,0.99948089935902,"USfixed_preIFQ"
"202",4,"Male",17,0.99948089935902,"USfixed_preIFQ"
"203",5,"Male",17,0.99948089935902,"USfixed_preIFQ"
"204",6,"Male",17,0.99948089935902,"USfixed_preIFQ"
"205",1,"Female",18,0.999999744233239,"USfixed_preIFQ"
"206",2,"Female",18,0.999999744233239,"USfixed_preIFQ"
"207",3,"Female",18,0.999999744233239,"USfixed_preIFQ"
"208",4,"Female",18,0.999999744233239,"USfixed_preIFQ"
"209",5,"Female",18,0.999999744233239,"USfixed_preIFQ"
"210",6,"Female",18,0.999999744233239,"USfixed_preIFQ"
"211",1,"Male",18,0.999689443326478,"USfixed_preIFQ"
"212",2,"Male",18,0.999689443326478,"USfixed_preIFQ"
"213",3,"Male",18,0.999689443326478,"USfixed_preIFQ"
"214",4,"Male",18,0.999689443326478,"USfixed_preIFQ"
"215",5,"Male",18,0.999689443326478,"USfixed_preIFQ"
"216",6,"Male",18,0.999689443326478,"USfixed_preIFQ"
"217",1,"Female",19,0.999999894354823,"USfixed_preIFQ"
"218",2,"Female",19,0.999999894354823,"USfixed_preIFQ"
"219",3,"Female",19,0.999999894354823,"USfixed_preIFQ"
"220",4,"Female",19,0.999999894354823,"USfixed_preIFQ"
"221",5,"Female",19,0.999999894354823,"USfixed_preIFQ"
"222",6,"Female",19,0.999999894354823,"USfixed_preIFQ"
"223",1,"Male",19,0.999814222221907,"USfixed_preIFQ"
"224",2,"Male",19,0.999814222221907,"USfixed_preIFQ"
"225",3,"Male",19,0.999814222221907,"USfixed_preIFQ"
"226",4,"Male",19,0.999814222221907,"USfixed_preIFQ"
"227",5,"Male",19,0.999814222221907,"USfixed_preIFQ"
"228",6,"Male",19,0.999814222221907,"USfixed_preIFQ"
"229",1,"Female",20,0.999999956362968,"USfixed_preIFQ"
"230",2,"Female",20,0.999999956362968,"USfixed_preIFQ"
"231",3,"Female",20,0.999999956362968,"USfixed_preIFQ"
"232",4,"Female",20,0.999999956362968,"USfixed_preIFQ"
"233",5,"Female",20,0.999999956362968,"USfixed_preIFQ"
"234",6,"Female",20,0.999999956362968,"USfixed_preIFQ"
"235",1,"Male",20,0.999888871645677,"USfixed_preIFQ"
"236",2,"Male",20,0.999888871645677,"USfixed_preIFQ"
"237",3,"Male",20,0.999888871645677,"USfixed_preIFQ"
"238",4,"Male",20,0.999888871645677,"USfixed_preIFQ"
"239",5,"Male",20,0.999888871645677,"USfixed_preIFQ"
"240",6,"Male",20,0.999888871645677,"USfixed_preIFQ"
"241",1,"Female",21,0.999999981975604,"USfixed_preIFQ"
"242",2,"Female",21,0.999999981975604,"USfixed_preIFQ"
"243",3,"Female",21,0.999999981975604,"USfixed_preIFQ"
"244",4,"Female",21,0.999999981975604,"USfixed_preIFQ"
"245",5,"Female",21,0.999999981975604,"USfixed_preIFQ"
"246",6,"Female",21,0.999999981975604,"USfixed_preIFQ"
"247",1,"Male",21,0.999933527353103,"USfixed_preIFQ"
"248",2,"Male",21,0.999933527353103,"USfixed_preIFQ"
"249",3,"Male",21,0.999933527353103,"USfixed_preIFQ"
"250",4,"Male",21,0.999933527353103,"USfixed_preIFQ"
"251",5,"Male",21,0.999933527353103,"USfixed_preIFQ"
"252",6,"Male",21,0.999933527353103,"USfixed_preIFQ"
"253",1,"Female",22,0.999999992554974,"USfixed_preIFQ"
"254",2,"Female",22,0.999999992554974,"USfixed_preIFQ"
"255",3,"Female",22,0.999999992554974,"USfixed_preIFQ"
"256",4,"Female",22,0.999999992554974,"USfixed_preIFQ"
"257",5,"Female",22,0.999999992554974,"USfixed_preIFQ"
"258",6,"Female",22,0.999999992554974,"USfixed_preIFQ"
"259",1,"Male",22,0.99996023936901,"USfixed_preIFQ"
"260",2,"Male",22,0.99996023936901,"USfixed_preIFQ"
"261",3,"Male",22,0.99996023936901,"USfixed_preIFQ"
"262",4,"Male",22,0.99996023936901,"USfixed_preIFQ"
"263",5,"Male",22,0.99996023936901,"USfixed_preIFQ"
"264",6,"Male",22,0.99996023936901,"USfixed_preIFQ"
"265",1,"Female",23,0.999999996924811,"USfixed_preIFQ"
"266",2,"Female",23,0.999999996924811,"USfixed_preIFQ"
"267",3,"Female",23,0.999999996924811,"USfixed_preIFQ"
"268",4,"Female",23,0.999999996924811,"USfixed_preIFQ"
"269",5,"Female",23,0.999999996924811,"USfixed_preIFQ"
"270",6,"Female",23,0.999999996924811,"USfixed_preIFQ"
"271",1,"Male",23,0.999976217423561,"USfixed_preIFQ"
"272",2,"Male",23,0.999976217423561,"USfixed_preIFQ"
"273",3,"Male",23,0.999976217423561,"USfixed_preIFQ"
"274",4,"Male",23,0.999976217423561,"USfixed_preIFQ"
"275",5,"Male",23,0.999976217423561,"USfixed_preIFQ"
"276",6,"Male",23,0.999976217423561,"USfixed_preIFQ"
"277",1,"Female",24,0.999999998729785,"USfixed_preIFQ"
"278",2,"Female",24,0.999999998729785,"USfixed_preIFQ"
"279",3,"Female",24,0.999999998729785,"USfixed_preIFQ"
"280",4,"Female",24,0.999999998729785,"USfixed_preIFQ"
"281",5,"Female",24,0.999999998729785,"USfixed_preIFQ"
"282",6,"Female",24,0.999999998729785,"USfixed_preIFQ"
"283",1,"Male",24,0.999985774689783,"USfixed_preIFQ"
"284",2,"Male",24,0.999985774689783,"USfixed_preIFQ"
"285",3,"Male",24,0.999985774689783,"USfixed_preIFQ"
"286",4,"Male",24,0.999985774689783,"USfixed_preIFQ"
"287",5,"Male",24,0.999985774689783,"USfixed_preIFQ"
"288",6,"Male",24,0.999985774689783,"USfixed_preIFQ"
"289",1,"Female",25,0.999999999475334,"USfixed_preIFQ"
"290",2,"Female",25,0.999999999475334,"USfixed_preIFQ"
"291",3,"Female",25,0.999999999475334,"USfixed_preIFQ"
"292",4,"Female",25,0.999999999475334,"USfixed_preIFQ"
"293",5,"Female",25,0.999999999475334,"USfixed_preIFQ"
"294",6,"Female",25,0.999999999475334,"USfixed_preIFQ"
"295",1,"Male",25,0.99999149130566,"USfixed_preIFQ"
"296",2,"Male",25,0.99999149130566,"USfixed_preIFQ"
"297",3,"Male",25,0.99999149130566,"USfixed_preIFQ"
"298",4,"Male",25,0.99999149130566,"USfixed_preIFQ"
"299",5,"Male",25,0.99999149130566,"USfixed_preIFQ"
"300",6,"Male",25,0.99999149130566,"USfixed_preIFQ"
"301",1,"Female",26,0.999999999783285,"USfixed_preIFQ"
"302",2,"Female",26,0.999999999783285,"USfixed_preIFQ"
"303",3,"Female",26,0.999999999783285,"USfixed_preIFQ"
"304",4,"Female",26,0.999999999783285,"USfixed_preIFQ"
"305",5,"Female",26,0.999999999783285,"USfixed_preIFQ"
"306",6,"Female",26,0.999999999783285,"USfixed_preIFQ"
"307",1,"Male",26,0.999994910640826,"USfixed_preIFQ"
"308",2,"Male",26,0.999994910640826,"USfixed_preIFQ"
"309",3,"Male",26,0.999994910640826,"USfixed_preIFQ"
"310",4,"Male",26,0.999994910640826,"USfixed_preIFQ"
"311",5,"Male",26,0.999994910640826,"USfixed_preIFQ"
"312",6,"Male",26,0.999994910640826,"USfixed_preIFQ"
"313",1,"Female",27,0.999999999910485,"USfixed_preIFQ"
"314",2,"Female",27,0.999999999910485,"USfixed_preIFQ"
"315",3,"Female",27,0.999999999910485,"USfixed_preIFQ"
"316",4,"Female",27,0.999999999910485,"USfixed_preIFQ"
"317",5,"Female",27,0.999999999910485,"USfixed_preIFQ"
"318",6,"Female",27,0.999999999910485,"USfixed_preIFQ"
"319",1,"Male",27,0.999996955873583,"USfixed_preIFQ"
"320",2,"Male",27,0.999996955873583,"USfixed_preIFQ"
"321",3,"Male",27,0.999996955873583,"USfixed_preIFQ"
"322",4,"Male",27,0.999996955873583,"USfixed_preIFQ"
"323",5,"Male",27,0.999996955873583,"USfixed_preIFQ"
"324",6,"Male",27,0.999996955873583,"USfixed_preIFQ"
"325",1,"Female",28,0.999999999963026,"USfixed_preIFQ"
"326",2,"Female",28,0.999999999963026,"USfixed_preIFQ"
"327",3,"Female",28,0.999999999963026,"USfixed_preIFQ"
"328",4,"Female",28,0.999999999963026,"USfixed_preIFQ"
"329",5,"Female",28,0.999999999963026,"USfixed_preIFQ"
"330",6,"Female",28,0.999999999963026,"USfixed_preIFQ"
"331",1,"Male",28,0.999998179201407,"USfixed_preIFQ"
"332",2,"Male",28,0.999998179201407,"USfixed_preIFQ"
"333",3,"Male",28,0.999998179201407,"USfixed_preIFQ"
"334",4,"Male",28,0.999998179201407,"USfixed_preIFQ"
"335",5,"Male",28,0.999998179201407,"USfixed_preIFQ"
"336",6,"Male",28,0.999998179201407,"USfixed_preIFQ"
"337",1,"Female",29,0.999999999984728,"USfixed_preIFQ"
"338",2,"Female",29,0.999999999984728,"USfixed_preIFQ"
"339",3,"Female",29,0.999999999984728,"USfixed_preIFQ"
"340",4,"Female",29,0.999999999984728,"USfixed_preIFQ"
"341",5,"Female",29,0.999999999984728,"USfixed_preIFQ"
"342",6,"Female",29,0.999999999984728,"USfixed_preIFQ"
"343",1,"Male",29,0.999998910917146,"USfixed_preIFQ"
"344",2,"Male",29,0.999998910917146,"USfixed_preIFQ"
"345",3,"Male",29,0.999998910917146,"USfixed_preIFQ"
"346",4,"Male",29,0.999998910917146,"USfixed_preIFQ"
"347",5,"Male",29,0.999998910917146,"USfixed_preIFQ"
"348",6,"Male",29,0.999998910917146,"USfixed_preIFQ"
"349",1,"Female",30,0.999999999993692,"USfixed_preIFQ"
"350",2,"Female",30,0.999999999993692,"USfixed_preIFQ"
"351",3,"Female",30,0.999999999993692,"USfixed_preIFQ"
"352",4,"Female",30,0.999999999993692,"USfixed_preIFQ"
"353",5,"Female",30,0.999999999993692,"USfixed_preIFQ"
"354",6,"Female",30,0.999999999993692,"USfixed_preIFQ"
"355",1,"Male",30,0.999999348581925,"USfixed_preIFQ"
"356",2,"Male",30,0.999999348581925,"USfixed_preIFQ"
"357",3,"Male",30,0.999999348581925,"USfixed_preIFQ"
"358",4,"Male",30,0.999999348581925,"USfixed_preIFQ"
"359",5,"Male",30,0.999999348581925,"USfixed_preIFQ"
"360",6,"Male",30,0.999999348581925,"USfixed_preIFQ"
"361",1,"Female",1,0.532409775375872,"USfixed_postIFQ"
"362",2,"Female",1,0.532409775375872,"USfixed_postIFQ"
"363",3,"Female",1,0.532409775375872,"USfixed_postIFQ"
"364",4,"Female",1,0.470758740177664,"USfixed_postIFQ"
"365",5,"Female",1,0.405246289500217,"USfixed_postIFQ"
"366",6,"Female",1,0.405246289500217,"USfixed_postIFQ"
"367",1,"Male",1,0.54791749664295,"USfixed_postIFQ"
"368",2,"Male",1,0.54791749664295,"USfixed_postIFQ"
"369",3,"Male",1,0.54791749664295,"USfixed_postIFQ"
"370",4,"Male",1,0.449638114498567,"USfixed_postIFQ"
"371",5,"Male",1,0.415665880322268,"USfixed_postIFQ"
"372",6,"Male",1,0.415665880322268,"USfixed_postIFQ"
"373",1,"Female",2,0.733802445110718,"USfixed_postIFQ"
"374",2,"Female",2,0.733802445110718,"USfixed_postIFQ"
"375",3,"Female",2,0.733802445110718,"USfixed_postIFQ"
"376",4,"Female",2,0.682889190674862,"USfixed_postIFQ"
"377",5,"Female",2,0.622583315042845,"USfixed_postIFQ"
"378",6,"Female",2,0.622583315042845,"USfixed_postIFQ"
"379",1,"Male",2,0.792320295162163,"USfixed_postIFQ"
"380",2,"Male",2,0.792320295162163,"USfixed_postIFQ"
"381",3,"Male",2,0.792320295162163,"USfixed_postIFQ"
"382",4,"Male",2,0.720023003280888,"USfixed_postIFQ"
"383",5,"Male",2,0.69128155161491,"USfixed_postIFQ"
"384",6,"Male",2,0.69128155161491,"USfixed_postIFQ"
"385",1,"Female",3,0.869685526170069,"USfixed_postIFQ"
"386",2,"Female",3,0.869685526170069,"USfixed_postIFQ"
"387",3,"Female",3,0.869685526170069,"USfixed_postIFQ"
"388",4,"Female",3,0.839061451029101,"USfixed_postIFQ"
"389",5,"Female",3,0.799746000016806,"USfixed_postIFQ"
"390",6,"Female",3,0.799746000016806,"USfixed_postIFQ"
"391",1,"Male",3,0.923131632521545,"USfixed_postIFQ"
"392",2,"Male",3,0.923131632521545,"USfixed_postIFQ"
"393",3,"Male",3,0.923131632521545,"USfixed_postIFQ"
"394",4,"Male",3,0.89005317779097,"USfixed_postIFQ"
"395",5,"Male",3,0.875754481815803,"USfixed_postIFQ"
"396",6,"Male",3,0.875754481815803,"USfixed_postIFQ"
"397",1,"Female",4,0.941715176338004,"USfixed_postIFQ"
"398",2,"Female",4,0.941715176338004,"USfixed_postIFQ"
"399",3,"Female",4,0.941715176338004,"USfixed_postIFQ"
"400",4,"Female",4,0.926589341798729,"USfixed_postIFQ"
"401",5,"Female",4,0.906267336988061,"USfixed_postIFQ"
"402",6,"Female",4,0.906267336988061,"USfixed_postIFQ"
"403",1,"Male",4,0.974228736721794,"USfixed_postIFQ"
"404",2,"Male",4,0.974228736721794,"USfixed_postIFQ"
"405",3,"Male",4,0.974228736721794,"USfixed_postIFQ"
"406",4,"Male",4,0.962239255863753,"USfixed_postIFQ"
"407",5,"Male",4,0.956873554739151,"USfixed_postIFQ"
"408",6,"Male",4,0.956873554739151,"USfixed_postIFQ"
"409",1,"Female",5,0.975072522066805,"USfixed_postIFQ"
"410",2,"Female",5,0.975072522066805,"USfixed_postIFQ"
"411",3,"Female",5,0.975072522066805,"USfixed_postIFQ"
"412",4,"Female",5,0.968312154927945,"USfixed_postIFQ"
"413",5,"Female",5,0.959029424421733,"USfixed_postIFQ"
"414",6,"Female",5,0.959029424421733,"USfixed_postIFQ"
"415",1,"Male",5,0.991666429179012,"USfixed_postIFQ"
"416",2,"Male",5,0.991666429179012,"USfixed_postIFQ"
"417",3,"Male",5,0.991666429179012,"USfixed_postIFQ"
"418",4,"Male",5,0.987686896978077,"USfixed_postIFQ"
"419",5,"Male",5,0.985884191418857,"USfixed_postIFQ"
"420",6,"Male",5,0.985884191418857,"USfixed_postIFQ"
"421",1,"Female",6,0.989550752860071,"USfixed_postIFQ"
"422",2,"Female",6,0.989550752860071,"USfixed_postIFQ"
"423",3,"Female",6,0.989550752860071,"USfixed_postIFQ"
"424",4,"Female",6,0.986663196378313,"USfixed_postIFQ"
"425",5,"Female",6,0.982660006944779,"USfixed_postIFQ"
"426",6,"Female",6,0.982660006944779,"USfixed_postIFQ"
"427",1,"Male",6,0.9973374462005,"USfixed_postIFQ"
"428",2,"Male",6,0.9973374462005,"USfixed_postIFQ"
"429",3,"Male",6,0.9973374462005,"USfixed_postIFQ"
"430",4,"Male",6,0.996055223652662,"USfixed_postIFQ"
"431",5,"Male",6,0.995472070205489,"USfixed_postIFQ"
"432",6,"Male",6,0.995472070205489,"USfixed_postIFQ"
"433",1,"Female",7,0.995657275249303,"USfixed_postIFQ"
"434",2,"Female",7,0.995657275249303,"USfixed_postIFQ"
"435",3,"Female",7,0.995657275249303,"USfixed_postIFQ"
"436",4,"Female",7,0.994447733608594,"USfixed_postIFQ"
"437",5,"Female",7,0.99276402307352,"USfixed_postIFQ"
"438",6,"Female",7,0.99276402307352,"USfixed_postIFQ"
"439",1,"Male",7,0.999152618760647,"USfixed_postIFQ"
"440",2,"Male",7,0.999152618760647,"USfixed_postIFQ"
"441",3,"Male",7,0.999152618760647,"USfixed_postIFQ"
"442",4,"Male",7,0.99874343877355,"USfixed_postIFQ"
"443",5,"Male",7,0.998557106559886,"USfixed_postIFQ"
"444",6,"Male",7,0.998557106559886,"USfixed_postIFQ"
"445",1,"Female",8,0.998201641726629,"USfixed_postIFQ"
"446",2,"Female",8,0.998201641726629,"USfixed_postIFQ"
"447",3,"Female",8,0.998201641726629,"USfixed_postIFQ"
"448",4,"Female",8,0.997699122866764,"USfixed_postIFQ"
"449",5,"Female",8,0.996998411764636,"USfixed_postIFQ"
"450",6,"Female",8,0.996998411764636,"USfixed_postIFQ"
"451",1,"Male",8,0.999730647651247,"USfixed_postIFQ"
"452",2,"Male",8,0.999730647651247,"USfixed_postIFQ"
"453",3,"Male",8,0.999730647651247,"USfixed_postIFQ"
"454",4,"Male",8,0.999600472281478,"USfixed_postIFQ"
"455",5,"Male",8,0.999541168964686,"USfixed_postIFQ"
"456",6,"Male",8,0.999541168964686,"USfixed_postIFQ"
"457",1,"Female",9,0.999256398289391,"USfixed_postIFQ"
"458",2,"Female",9,0.999256398289391,"USfixed_postIFQ"
"459",3,"Female",9,0.999256398289391,"USfixed_postIFQ"
"460",4,"Female",9,0.99904833117843,"USfixed_postIFQ"
"461",5,"Female",9,0.998757997634482,"USfixed_postIFQ"
"462",6,"Female",9,0.998757997634482,"USfixed_postIFQ"
"463",1,"Male",9,0.999914416244852,"USfixed_postIFQ"
"464",2,"Male",9,0.999914416244852,"USfixed_postIFQ"
"465",3,"Male",9,0.999914416244852,"USfixed_postIFQ"
"466",4,"Male",9,0.99987304317006,"USfixed_postIFQ"
"467",5,"Male",9,0.999854192615816,"USfixed_postIFQ"
"468",6,"Male",9,0.999854192615816,"USfixed_postIFQ"
"469",1,"Female",10,0.999692719163426,"USfixed_postIFQ"
"470",2,"Female",10,0.999692719163426,"USfixed_postIFQ"
"471",3,"Female",10,0.999692719163426,"USfixed_postIFQ"
"472",4,"Female",10,0.999606690893505,"USfixed_postIFQ"
"473",5,"Female",10,0.999486613268965,"USfixed_postIFQ"
"474",6,"Female",10,0.999486613268965,"USfixed_postIFQ"
"475",1,"Male",10,0.999972810110234,"USfixed_postIFQ"
"476",2,"Male",10,0.999972810110234,"USfixed_postIFQ"
"477",3,"Male",10,0.999972810110234,"USfixed_postIFQ"
"478",4,"Male",10,0.999959664779131,"USfixed_postIFQ"
"479",5,"Male",10,0.999953675208337,"USfixed_postIFQ"
"480",6,"Male",10,0.999953675208337,"USfixed_postIFQ"
"481",1,"Female",11,0.999873053913515,"USfixed_postIFQ"
"482",2,"Female",11,0.999873053913515,"USfixed_postIFQ"
"483",3,"Female",11,0.999873053913515,"USfixed_postIFQ"
"484",4,"Female",11,0.999837505084574,"USfixed_postIFQ"
"485",5,"Female",11,0.999787880287019,"USfixed_postIFQ"
"486",6,"Female",11,0.999787880287019,"USfixed_postIFQ"
"487",1,"Male",11,0.999991362138201,"USfixed_postIFQ"
"488",2,"Male",11,0.999991362138201,"USfixed_postIFQ"
"489",3,"Male",11,0.999991362138201,"USfixed_postIFQ"
"490",4,"Male",11,0.999987185928608,"USfixed_postIFQ"
"491",5,"Male",11,0.999985283045418,"USfixed_postIFQ"
"492",6,"Male",11,0.999985283045418,"USfixed_postIFQ"
"493",1,"Female",12,0.999947560664148,"USfixed_postIFQ"
"494",2,"Female",12,0.999947560664148,"USfixed_postIFQ"
"495",3,"Female",12,0.999947560664148,"USfixed_postIFQ"
"496",4,"Female",12,0.999932874628176,"USfixed_postIFQ"
"497",5,"Female",12,0.999912372461935,"USfixed_postIFQ"
"498",6,"Female",12,0.999912372461935,"USfixed_postIFQ"
"499",1,"Male",12,0.999997255902373,"USfixed_postIFQ"
"500",2,"Male",12,0.999997255902373,"USfixed_postIFQ"
"501",3,"Male",12,0.999997255902373,"USfixed_postIFQ"
"502",4,"Male",12,0.999995929182023,"USfixed_postIFQ"
"503",5,"Male",12,0.99999532466152,"USfixed_postIFQ"
"504",6,"Male",12,0.99999532466152,"USfixed_postIFQ"
"505",1,"Female",13,0.999978339122061,"USfixed_postIFQ"
"506",2,"Female",13,0.999978339122061,"USfixed_postIFQ"
"507",3,"Female",13,0.999978339122061,"USfixed_postIFQ"
"508",4,"Female",13,0.999972272588966,"USfixed_postIFQ"
"509",5,"Female",13,0.999963803343812,"USfixed_postIFQ"
"510",6,"Female",13,0.999963803343812,"USfixed_postIFQ"
"511",1,"Male",13,0.999999128251681,"USfixed_postIFQ"
"512",2,"Male",13,0.999999128251681,"USfixed_postIFQ"
"513",3,"Male",13,0.999999128251681,"USfixed_postIFQ"
"514",4,"Male",13,0.999998706776353,"USfixed_postIFQ"
"515",5,"Male",13,0.999998514730747,"USfixed_postIFQ"
"516",6,"Male",13,0.999998514730747,"USfixed_postIFQ"
"517",1,"Female",14,0.999991052801314,"USfixed_postIFQ"
"518",2,"Female",14,0.999991052801314,"USfixed_postIFQ"
"519",3,"Female",14,0.999991052801314,"USfixed_postIFQ"
"520",4,"Female",14,0.99998854693057,"USfixed_postIFQ"
"521",5,"Female",14,0.999985048554415,"USfixed_postIFQ"
"522",6,"Female",14,0.999985048554415,"USfixed_postIFQ"
"523",1,"Male",14,0.999999723062272,"USfixed_postIFQ"
"524",2,"Male",14,0.999999723062272,"USfixed_postIFQ"
"525",3,"Male",14,0.999999723062272,"USfixed_postIFQ"
"526",4,"Male",14,0.999999589167523,"USfixed_postIFQ"
"527",5,"Male",14,0.999999528158237,"USfixed_postIFQ"
"528",6,"Male",14,0.999999528158237,"USfixed_postIFQ"
"529",1,"Female",15,0.99999630431568,"USfixed_postIFQ"
"530",2,"Female",15,0.99999630431568,"USfixed_postIFQ"
"531",3,"Female",15,0.99999630431568,"USfixed_postIFQ"
"532",4,"Female",15,0.999995269246515,"USfixed_postIFQ"
"533",5,"Female",15,0.999993824210271,"USfixed_postIFQ"
"534",6,"Female",15,0.999993824210271,"USfixed_postIFQ"
"535",1,"Male",15,0.999999912022229,"USfixed_postIFQ"
"536",2,"Male",15,0.999999912022229,"USfixed_postIFQ"
"537",3,"Male",15,0.999999912022229,"USfixed_postIFQ"
"538",4,"Male",15,0.99999986948644,"USfixed_postIFQ"
"539",5,"Male",15,0.999999850104959,"USfixed_postIFQ"
"540",6,"Male",15,0.999999850104959,"USfixed_postIFQ"
"541",1,"Female",16,0.999998473484163,"USfixed_postIFQ"
"542",2,"Female",16,0.999998473484163,"USfixed_postIFQ"
"543",3,"Female",16,0.999998473484163,"USfixed_postIFQ"
"544",4,"Female",16,0.999998045943896,"USfixed_postIFQ"
"545",5,"Female",16,0.999997449063898,"USfixed_postIFQ"
"546",6,"Female",16,0.999997449063898,"USfixed_postIFQ"
"547",1,"Male",16,0.999999972051164,"USfixed_postIFQ"
"548",2,"Male",16,0.999999972051164,"USfixed_postIFQ"
"549",3,"Male",16,0.999999972051164,"USfixed_postIFQ"
"550",4,"Male",16,0.999999958538365,"USfixed_postIFQ"
"551",5,"Male",16,0.999999952381243,"USfixed_postIFQ"
"552",6,"Male",16,0.999999952381243,"USfixed_postIFQ"
"553",1,"Female",17,0.999999369467889,"USfixed_postIFQ"
"554",2,"Female",17,0.999999369467889,"USfixed_postIFQ"
"555",3,"Female",17,0.999999369467889,"USfixed_postIFQ"
"556",4,"Female",17,0.999999192870851,"USfixed_postIFQ"
"557",5,"Female",17,0.999998946327282,"USfixed_postIFQ"
"558",6,"Female",17,0.999998946327282,"USfixed_postIFQ"
"559",1,"Male",17,0.999999991121196,"USfixed_postIFQ"
"560",2,"Male",17,0.999999991121196,"USfixed_postIFQ"
"561",3,"Male",17,0.999999991121196,"USfixed_postIFQ"
"562",4,"Male",17,0.999999986828441,"USfixed_postIFQ"
"563",5,"Male",17,0.999999984872442,"USfixed_postIFQ"
"564",6,"Male",17,0.999999984872442,"USfixed_postIFQ"
"565",1,"Female",18,0.999999739556889,"USfixed_postIFQ"
"566",2,"Female",18,0.999999739556889,"USfixed_postIFQ"
"567",3,"Female",18,0.999999739556889,"USfixed_postIFQ"
"568",4,"Female",18,0.999999666612937,"USfixed_postIFQ"
"569",5,"Female",18,0.99999956477733,"USfixed_postIFQ"
"570",6,"Female",18,0.99999956477733,"USfixed_postIFQ"
"571",1,"Male",18,0.999999997179376,"USfixed_postIFQ"
"572",2,"Male",18,0.999999997179376,"USfixed_postIFQ"
"573",3,"Male",18,0.999999997179376,"USfixed_postIFQ"
"574",4,"Male",18,0.999999995815651,"USfixed_postIFQ"
"575",5,"Male",18,0.999999995194268,"USfixed_postIFQ"
"576",6,"Male",18,0.999999995194268,"USfixed_postIFQ"
"577",1,"Female",19,0.999999892423244,"USfixed_postIFQ"
"578",2,"Female",19,0.999999892423244,"USfixed_postIFQ"
"579",3,"Female",19,0.999999892423244,"USfixed_postIFQ"
"580",4,"Female",19,0.999999862293534,"USfixed_postIFQ"
"581",5,"Female",19,0.999999820230039,"USfixed_postIFQ"
"582",6,"Female",19,0.999999820230039,"USfixed_postIFQ"
"583",1,"Male",19,0.999999999103942,"USfixed_postIFQ"
"584",2,"Male",19,0.999999999103942,"USfixed_postIFQ"
"585",3,"Male",19,0.999999999103942,"USfixed_postIFQ"
"586",4,"Male",19,0.999999998670713,"USfixed_postIFQ"
"587",5,"Male",19,0.999999998473312,"USfixed_postIFQ"
"588",6,"Male",19,0.999999998473312,"USfixed_postIFQ"
"589",1,"Female",20,0.999999955565124,"USfixed_postIFQ"
"590",2,"Female",20,0.999999955565124,"USfixed_postIFQ"
"591",3,"Female",20,0.999999955565124,"USfixed_postIFQ"
"592",4,"Female",20,0.999999943119963,"USfixed_postIFQ"
"593",5,"Female",20,0.999999925745517,"USfixed_postIFQ"
"594",6,"Female",20,0.999999925745517,"USfixed_postIFQ"
"595",1,"Male",20,0.99999999971534,"USfixed_postIFQ"
"596",2,"Male",20,0.99999999971534,"USfixed_postIFQ"
"597",3,"Male",20,0.99999999971534,"USfixed_postIFQ"
"598",4,"Male",20,0.999999999577711,"USfixed_postIFQ"
"599",5,"Male",20,0.999999999515001,"USfixed_postIFQ"
"600",6,"Male",20,0.999999999515001,"USfixed_postIFQ"
"601",1,"Female",21,0.999999981646052,"USfixed_postIFQ"
"602",2,"Female",21,0.999999981646052,"USfixed_postIFQ"
"603",3,"Female",21,0.999999981646052,"USfixed_postIFQ"
"604",4,"Female",21,0.999999976505544,"USfixed_postIFQ"
"605",5,"Female",21,0.999999969328981,"USfixed_postIFQ"
"606",6,"Female",21,0.999999969328981,"USfixed_postIFQ"
"607",1,"Male",21,0.999999999909569,"USfixed_postIFQ"
"608",2,"Male",21,0.999999999909569,"USfixed_postIFQ"
"609",3,"Male",21,0.999999999909569,"USfixed_postIFQ"
"610",4,"Male",21,0.999999999865847,"USfixed_postIFQ"
"611",5,"Male",21,0.999999999845925,"USfixed_postIFQ"
"612",6,"Male",21,0.999999999845925,"USfixed_postIFQ"
"613",1,"Female",22,0.999999992418852,"USfixed_postIFQ"
"614",2,"Female",22,0.999999992418852,"USfixed_postIFQ"
"615",3,"Female",22,0.999999992418852,"USfixed_postIFQ"
"616",4,"Female",22,0.999999990295551,"USfixed_postIFQ"
"617",5,"Female",22,0.999999987331252,"USfixed_postIFQ"
"618",6,"Female",22,0.999999987331252,"USfixed_postIFQ"
"619",1,"Male",22,0.999999999971272,"USfixed_postIFQ"
"620",2,"Male",22,0.999999999971272,"USfixed_postIFQ"
"621",3,"Male",22,0.999999999971272,"USfixed_postIFQ"
"622",4,"Male",22,0.999999999957382,"USfixed_postIFQ"
"623",5,"Male",22,0.999999999951053,"USfixed_postIFQ"
"624",6,"Male",22,0.999999999951053,"USfixed_postIFQ"
"625",1,"Female",23,0.999999996868586,"USfixed_postIFQ"
"626",2,"Female",23,0.999999996868586,"USfixed_postIFQ"
"627",3,"Female",23,0.999999996868586,"USfixed_postIFQ"
"628",4,"Female",23,0.99999999599155,"USfixed_postIFQ"
"629",5,"Female",23,0.999999994767139,"USfixed_postIFQ"
"630",6,"Female",23,0.999999994767139,"USfixed_postIFQ"
"631",1,"Male",23,0.999999999990874,"USfixed_postIFQ"
"632",2,"Male",23,0.999999999990874,"USfixed_postIFQ"
"633",3,"Male",23,0.999999999990874,"USfixed_postIFQ"
"634",4,"Male",23,0.999999999986461,"USfixed_postIFQ"
"635",5,"Male",23,0.999999999984451,"USfixed_postIFQ"
"636",6,"Male",23,0.999999999984451,"USfixed_postIFQ"
"637",1,"Female",24,0.999999998706561,"USfixed_postIFQ"
"638",2,"Female",24,0.999999998706561,"USfixed_postIFQ"
"639",3,"Female",24,0.999999998706561,"USfixed_postIFQ"
"640",4,"Female",24,0.999999998344299,"USfixed_postIFQ"
"641",5,"Female",24,0.999999997838552,"USfixed_postIFQ"
"642",6,"Female",24,0.999999997838552,"USfixed_postIFQ"
"643",1,"Male",24,0.999999999997101,"USfixed_postIFQ"
"644",2,"Male",24,0.999999999997101,"USfixed_postIFQ"
"645",3,"Male",24,0.999999999997101,"USfixed_postIFQ"
"646",4,"Male",24,0.999999999995699,"USfixed_postIFQ"
"647",5,"Male",24,0.99999999999506,"USfixed_postIFQ"
"648",6,"Male",24,0.99999999999506,"USfixed_postIFQ"
"649",1,"Female",25,0.999999999465741,"USfixed_postIFQ"
"650",2,"Female",25,0.999999999465741,"USfixed_postIFQ"
"651",3,"Female",25,0.999999999465741,"USfixed_postIFQ"
"652",4,"Female",25,0.999999999316108,"USfixed_postIFQ"
"653",5,"Female",25,0.999999999107208,"USfixed_postIFQ"
"654",6,"Female",25,0.999999999107208,"USfixed_postIFQ"
"655",1,"Male",25,0.999999999999079,"USfixed_postIFQ"
"656",2,"Male",25,0.999999999999079,"USfixed_postIFQ"
"657",3,"Male",25,0.999999999999079,"USfixed_postIFQ"
"658",4,"Male",25,0.999999999998634,"USfixed_postIFQ"
"659",5,"Male",25,0.999999999998431,"USfixed_postIFQ"
"660",6,"Male",25,0.999999999998431,"USfixed_postIFQ"
"661",1,"Female",26,0.999999999779323,"USfixed_postIFQ"
"662",2,"Female",26,0.999999999779323,"USfixed_postIFQ"
"663",3,"Female",26,0.999999999779323,"USfixed_postIFQ"
"664",4,"Female",26,0.999999999717517,"USfixed_postIFQ"
"665",5,"Female",26,0.99999999963123,"USfixed_postIFQ"
"666",6,"Female",26,0.99999999963123,"USfixed_postIFQ"
"667",1,"Male",26,0.999999999999707,"USfixed_postIFQ"
"668",2,"Male",26,0.999999999999707,"USfixed_postIFQ"
"669",3,"Male",26,0.999999999999707,"USfixed_postIFQ"
"670",4,"Male",26,0.999999999999566,"USfixed_postIFQ"
"671",5,"Male",26,0.999999999999502,"USfixed_postIFQ"
"672",6,"Male",26,0.999999999999502,"USfixed_postIFQ"
"673",1,"Female",27,0.999999999908849,"USfixed_postIFQ"
"674",2,"Female",27,0.999999999908849,"USfixed_postIFQ"
"675",3,"Female",27,0.999999999908849,"USfixed_postIFQ"
"676",4,"Female",27,0.99999999988332,"USfixed_postIFQ"
"677",5,"Female",27,0.999999999847679,"USfixed_postIFQ"
"678",6,"Female",27,0.999999999847679,"USfixed_postIFQ"
"679",1,"Male",27,0.999999999999907,"USfixed_postIFQ"
"680",2,"Male",27,0.999999999999907,"USfixed_postIFQ"
"681",3,"Male",27,0.999999999999907,"USfixed_postIFQ"
"682",4,"Male",27,0.999999999999862,"USfixed_postIFQ"
"683",5,"Male",27,0.999999999999842,"USfixed_postIFQ"
"684",6,"Male",27,0.999999999999842,"USfixed_postIFQ"
"685",1,"Female",28,0.99999999996235,"USfixed_postIFQ"
"686",2,"Female",28,0.99999999996235,"USfixed_postIFQ"
"687",3,"Female",28,0.99999999996235,"USfixed_postIFQ"
"688",4,"Female",28,0.999999999951805,"USfixed_postIFQ"
"689",5,"Female",28,0.999999999937083,"USfixed_postIFQ"
"690",6,"Female",28,0.999999999937083,"USfixed_postIFQ"
"691",1,"Male",28,0.99999999999997,"USfixed_postIFQ"
"692",2,"Male",28,0.99999999999997,"USfixed_postIFQ"
"693",3,"Male",28,0.99999999999997,"USfixed_postIFQ"
"694",4,"Male",28,0.999999999999956,"USfixed_postIFQ"
"695",5,"Male",28,0.99999999999995,"USfixed_postIFQ"
"696",6,"Male",28,0.99999999999995,"USfixed_postIFQ"
"697",1,"Female",29,0.999999999984448,"USfixed_postIFQ"
"698",2,"Female",29,0.999999999984448,"USfixed_postIFQ"
"699",3,"Female",29,0.999999999984448,"USfixed_postIFQ"
"700",4,"Female",29,0.999999999980093,"USfixed_postIFQ"
"701",5,"Female",29,0.999999999974012,"USfixed_postIFQ"
"702",6,"Female",29,0.999999999974012,"USfixed_postIFQ"
"703",1,"Male",29,0.999999999999991,"USfixed_postIFQ"
"704",2,"Male",29,0.999999999999991,"USfixed_postIFQ"
"705",3,"Male",29,0.999999999999991,"USfixed_postIFQ"
"706",4,"Male",29,0.999999999999986,"USfixed_postIFQ"
"707",5,"Male",29,0.999999999999984,"USfixed_postIFQ"
"708",6,"Male",29,0.999999999999984,"USfixed_postIFQ"
"709",1,"Female",30,0.999999999993576,"USfixed_postIFQ"
"710",2,"Female",30,0.999999999993576,"USfixed_postIFQ"
"711",3,"Female",30,0.999999999993576,"USfixed_postIFQ"
"712",4,"Female",30,0.999999999991777,"USfixed_postIFQ"
"713",5,"Female",30,0.999999999989266,"USfixed_postIFQ"
"714",6,"Female",30,0.999999999989266,"USfixed_postIFQ"
"715",1,"Male",30,0.999999999999997,"USfixed_postIFQ"
"716",2,"Male",30,0.999999999999997,"USfixed_postIFQ"
"717",3,"Male",30,0.999999999999997,"USfixed_postIFQ"
"718",4,"Male",30,0.999999999999996,"USfixed_postIFQ"
"719",5,"Male",30,0.999999999999995,"USfixed_postIFQ"
"720",6,"Male",30,0.999999999999995,"USfixed_postIFQ"
"721",1,"Female",1,0.750739155409346,"USTrawl"
"722",2,"Female",1,0.750739155409346,"USTrawl"
"723",3,"Female",1,0.750739155409346,"USTrawl"
"724",4,"Female",1,0.750739155409346,"USTrawl"
"725",5,"Female",1,0.750739155409346,"USTrawl"
"726",6,"Female",1,0.750739155409346,"USTrawl"
"727",1,"Male",1,0.734031270669875,"USTrawl"
"728",2,"Male",1,0.734031270669875,"USTrawl"
"729",3,"Male",1,0.734031270669875,"USTrawl"
"730",4,"Male",1,0.734031270669875,"USTrawl"
"731",5,"Male",1,0.734031270669875,"USTrawl"
"732",6,"Male",1,0.734031270669875,"USTrawl"
"733",1,"Female",2,0.977992802768796,"USTrawl"
"734",2,"Female",2,0.977992802768796,"USTrawl"
"735",3,"Female",2,0.977992802768796,"USTrawl"
"736",4,"Female",2,0.977992802768796,"USTrawl"
"737",5,"Female",2,0.977992802768796,"USTrawl"
"738",6,"Female",2,0.977992802768796,"USTrawl"
"739",1,"Male",2,0.976285810187155,"USTrawl"
"740",2,"Male",2,0.976285810187155,"USTrawl"
"741",3,"Male",2,0.976285810187155,"USTrawl"
"742",4,"Male",2,0.976285810187155,"USTrawl"
"743",5,"Male",2,0.976285810187155,"USTrawl"
"744",6,"Male",2,0.976285810187155,"USTrawl"
"745",1,"Female",3,0.672295697632479,"USTrawl"
"746",2,"Female",3,0.672295697632479,"USTrawl"
"747",3,"Female",3,0.672295697632479,"USTrawl"
"748",4,"Female",3,0.672295697632479,"USTrawl"
"749",5,"Female",3,0.672295697632479,"USTrawl"
"750",6,"Female",3,0.672295697632479,"USTrawl"
"751",1,"Male",3,0.651663306466293,"USTrawl"
"752",2,"Male",3,0.651663306466293,"USTrawl"
"753",3,"Male",3,0.651663306466293,"USTrawl"
"754",4,"Male",3,0.651663306466293,"USTrawl"
"755",5,"Male",3,0.651663306466293,"USTrawl"
"756",6,"Male",3,0.651663306466293,"USTrawl"
"757",1,"Female",4,0.355730257258242,"USTrawl"
"758",2,"Female",4,0.355730257258242,"USTrawl"
"759",3,"Female",4,0.355730257258242,"USTrawl"
"760",4,"Female",4,0.355730257258242,"USTrawl"
"761",5,"Female",4,0.355730257258242,"USTrawl"
"762",6,"Female",4,0.355730257258242,"USTrawl"
"763",1,"Male",4,0.328006429688373,"USTrawl"
"764",2,"Male",4,0.328006429688373,"USTrawl"
"765",3,"Male",4,0.328006429688373,"USTrawl"
"766",4,"Male",4,0.328006429688373,"USTrawl"
"767",5,"Male",4,0.328006429688373,"USTrawl"
"768",6,"Male",4,0.328006429688373,"USTrawl"
"769",1,"Female",5,0.163079605483454,"USTrawl"
"770",2,"Female",5,0.163079605483454,"USTrawl"
"771",3,"Female",5,0.163079605483454,"USTrawl"
"772",4,"Female",5,0.163079605483454,"USTrawl"
"773",5,"Female",5,0.163079605483454,"USTrawl"
"774",6,"Female",5,0.163079605483454,"USTrawl"
"775",1,"Male",5,0.141439434384871,"USTrawl"
"776",2,"Male",5,0.141439434384871,"USTrawl"
"777",3,"Male",5,0.141439434384871,"USTrawl"
"778",4,"Male",5,0.141439434384871,"USTrawl"
"779",5,"Male",5,0.141439434384871,"USTrawl"
"780",6,"Male",5,0.141439434384871,"USTrawl"
"781",1,"Female",6,0.0682785101338224,"USTrawl"
"782",2,"Female",6,0.0682785101338224,"USTrawl"
"783",3,"Female",6,0.0682785101338224,"USTrawl"
"784",4,"Female",6,0.0682785101338224,"USTrawl"
"785",5,"Female",6,0.0682785101338224,"USTrawl"
"786",6,"Female",6,0.0682785101338224,"USTrawl"
"787",1,"Male",6,0.0553059188512113,"USTrawl"
"788",2,"Male",6,0.0553059188512113,"USTrawl"
"789",3,"Male",6,0.0553059188512113,"USTrawl"
"790",4,"Male",6,0.0553059188512113,"USTrawl"
"791",5,"Male",6,0.0553059188512113,"USTrawl"
"792",6,"Male",6,0.0553059188512113,"USTrawl"
"793",1,"Female",7,0.0268523729218943,"USTrawl"
"794",2,"Female",7,0.0268523729218943,"USTrawl"
"795",3,"Female",7,0.0268523729218943,"USTrawl"
"796",4,"Female",7,0.0268523729218943,"USTrawl"
"797",5,"Female",7,0.0268523729218943,"USTrawl"
"798",6,"Female",7,0.0268523729218943,"USTrawl"
"799",1,"Male",7,0.0202140248421762,"USTrawl"
"800",2,"Male",7,0.0202140248421762,"USTrawl"
"801",3,"Male",7,0.0202140248421762,"USTrawl"
"802",4,"Male",7,0.0202140248421762,"USTrawl"
"803",5,"Male",7,0.0202140248421762,"USTrawl"
"804",6,"Male",7,0.0202140248421762,"USTrawl"
"805",1,"Female",8,0.0100874888311117,"USTrawl"
"806",2,"Female",8,0.0100874888311117,"USTrawl"
"807",3,"Female",8,0.0100874888311117,"USTrawl"
"808",4,"Female",8,0.0100874888311117,"USTrawl"
"809",5,"Female",8,0.0100874888311117,"USTrawl"
"810",6,"Female",8,0.0100874888311117,"USTrawl"
"811",1,"Male",8,0.00703191586658806,"USTrawl"
"812",2,"Male",8,0.00703191586658806,"USTrawl"
"813",3,"Male",8,0.00703191586658806,"USTrawl"
"814",4,"Male",8,0.00703191586658806,"USTrawl"
"815",5,"Male",8,0.00703191586658806,"USTrawl"
"816",6,"Male",8,0.00703191586658806,"USTrawl"
"817",1,"Female",9,0.00365919725995139,"USTrawl"
"818",2,"Female",9,0.00365919725995139,"USTrawl"
"819",3,"Female",9,0.00365919725995139,"USTrawl"
"820",4,"Female",9,0.00365919725995139,"USTrawl"
"821",5,"Female",9,0.00365919725995139,"USTrawl"
"822",6,"Female",9,0.00365919725995139,"USTrawl"
"823",1,"Male",9,0.00235561239978411,"USTrawl"
"824",2,"Male",9,0.00235561239978411,"USTrawl"
"825",3,"Male",9,0.00235561239978411,"USTrawl"
"826",4,"Male",9,0.00235561239978411,"USTrawl"
"827",5,"Male",9,0.00235561239978411,"USTrawl"
"828",6,"Male",9,0.00235561239978411,"USTrawl"
"829",1,"Female",10,0.00129122066794967,"USTrawl"
"830",2,"Female",10,0.00129122066794967,"USTrawl"
"831",3,"Female",10,0.00129122066794967,"USTrawl"
"832",4,"Female",10,0.00129122066794967,"USTrawl"
"833",5,"Female",10,0.00129122066794967,"USTrawl"
"834",6,"Female",10,0.00129122066794967,"USTrawl"
"835",1,"Male",10,0.000765957696666985,"USTrawl"
"836",2,"Male",10,0.000765957696666985,"USTrawl"
"837",3,"Male",10,0.000765957696666985,"USTrawl"
"838",4,"Male",10,0.000765957696666985,"USTrawl"
"839",5,"Male",10,0.000765957696666985,"USTrawl"
"840",6,"Male",10,0.000765957696666985,"USTrawl"
"841",1,"Female",11,0.000445570302555478,"USTrawl"
"842",2,"Female",11,0.000445570302555478,"USTrawl"
"843",3,"Female",11,0.000445570302555478,"USTrawl"
"844",4,"Female",11,0.000445570302555478,"USTrawl"
"845",5,"Female",11,0.000445570302555478,"USTrawl"
"846",6,"Female",11,0.000445570302555478,"USTrawl"
"847",1,"Male",11,0.000243133871551977,"USTrawl"
"848",2,"Male",11,0.000243133871551977,"USTrawl"
"849",3,"Male",11,0.000243133871551977,"USTrawl"
"850",4,"Male",11,0.000243133871551977,"USTrawl"
"851",5,"Male",11,0.000243133871551977,"USTrawl"
"852",6,"Male",11,0.000243133871551977,"USTrawl"
"853",1,"Female",12,0.000150946625743344,"USTrawl"
"854",2,"Female",12,0.000150946625743344,"USTrawl"
"855",3,"Female",12,0.000150946625743344,"USTrawl"
"856",4,"Female",12,0.000150946625743344,"USTrawl"
"857",5,"Female",12,0.000150946625743344,"USTrawl"
"858",6,"Female",12,0.000150946625743344,"USTrawl"
"859",1,"Male",12,7.5656953633248e-05,"USTrawl"
"860",2,"Male",12,7.5656953633248e-05,"USTrawl"
"861",3,"Male",12,7.5656953633248e-05,"USTrawl"
"862",4,"Male",12,7.5656953633248e-05,"USTrawl"
"863",5,"Male",12,7.5656953633248e-05,"USTrawl"
"864",6,"Male",12,7.5656953633248e-05,"USTrawl"
"865",1,"Female",13,5.03507106103485e-05,"USTrawl"
"866",2,"Female",13,5.03507106103485e-05,"USTrawl"
"867",3,"Female",13,5.03507106103485e-05,"USTrawl"
"868",4,"Female",13,5.03507106103485e-05,"USTrawl"
"869",5,"Female",13,5.03507106103485e-05,"USTrawl"
"870",6,"Female",13,5.03507106103485e-05,"USTrawl"
"871",1,"Male",13,2.31525763766835e-05,"USTrawl"
"872",2,"Male",13,2.31525763766835e-05,"USTrawl"
"873",3,"Male",13,2.31525763766835e-05,"USTrawl"
"874",4,"Male",13,2.31525763766835e-05,"USTrawl"
"875",5,"Male",13,2.31525763766835e-05,"USTrawl"
"876",6,"Male",13,2.31525763766835e-05,"USTrawl"
"877",1,"Female",14,1.65752695442856e-05,"USTrawl"
"878",2,"Female",14,1.65752695442856e-05,"USTrawl"
"879",3,"Female",14,1.65752695442856e-05,"USTrawl"
"880",4,"Female",14,1.65752695442856e-05,"USTrawl"
"881",5,"Female",14,1.65752695442856e-05,"USTrawl"
"882",6,"Female",14,1.65752695442856e-05,"USTrawl"
"883",1,"Male",14,6.9851059487596e-06,"USTrawl"
"884",2,"Male",14,6.9851059487596e-06,"USTrawl"
"885",3,"Male",14,6.9851059487596e-06,"USTrawl"
"886",4,"Male",14,6.9851059487596e-06,"USTrawl"
"887",5,"Male",14,6.9851059487596e-06,"USTrawl"
"888",6,"Male",14,6.9851059487596e-06,"USTrawl"
"889",1,"Female",15,5.39484992303123e-06,"USTrawl"
"890",2,"Female",15,5.39484992303123e-06,"USTrawl"
"891",3,"Female",15,5.39484992303123e-06,"USTrawl"
"892",4,"Female",15,5.39484992303123e-06,"USTrawl"
"893",5,"Female",15,5.39484992303123e-06,"USTrawl"
"894",6,"Female",15,5.39484992303123e-06,"USTrawl"
"895",1,"Male",15,2.08172296524016e-06,"USTrawl"
"896",2,"Male",15,2.08172296524016e-06,"USTrawl"
"897",3,"Male",15,2.08172296524016e-06,"USTrawl"
"898",4,"Male",15,2.08172296524016e-06,"USTrawl"
"899",5,"Male",15,2.08172296524016e-06,"USTrawl"
"900",6,"Male",15,2.08172296524016e-06,"USTrawl"
"901",1,"Female",16,1.73859950981555e-06,"USTrawl"
"902",2,"Female",16,1.73859950981555e-06,"USTrawl"
"903",3,"Female",16,1.73859950981555e-06,"USTrawl"
"904",4,"Female",16,1.73859950981555e-06,"USTrawl"
"905",5,"Female",16,1.73859950981555e-06,"USTrawl"
"906",6,"Female",16,1.73859950981555e-06,"USTrawl"
"907",1,"Male",16,6.13814061560867e-07,"USTrawl"
"908",2,"Male",16,6.13814061560867e-07,"USTrawl"
"909",3,"Male",16,6.13814061560867e-07,"USTrawl"
"910",4,"Male",16,6.13814061560867e-07,"USTrawl"
"911",5,"Male",16,6.13814061560867e-07,"USTrawl"
"912",6,"Male",16,6.13814061560867e-07,"USTrawl"
"913",1,"Female",17,5.55447103634352e-07,"USTrawl"
"914",2,"Female",17,5.55447103634352e-07,"USTrawl"
"915",3,"Female",17,5.55447103634352e-07,"USTrawl"
"916",4,"Female",17,5.55447103634352e-07,"USTrawl"
"917",5,"Female",17,5.55447103634352e-07,"USTrawl"
"918",6,"Female",17,5.55447103634352e-07,"USTrawl"
"919",1,"Male",17,1.79298721457149e-07,"USTrawl"
"920",2,"Male",17,1.79298721457149e-07,"USTrawl"
"921",3,"Male",17,1.79298721457149e-07,"USTrawl"
"922",4,"Male",17,1.79298721457149e-07,"USTrawl"
"923",5,"Male",17,1.79298721457149e-07,"USTrawl"
"924",6,"Male",17,1.79298721457149e-07,"USTrawl"
"925",1,"Female",18,1.76092502103076e-07,"USTrawl"
"926",2,"Female",18,1.76092502103076e-07,"USTrawl"
"927",3,"Female",18,1.76092502103076e-07,"USTrawl"
"928",4,"Female",18,1.76092502103076e-07,"USTrawl"
"929",5,"Female",18,1.76092502103076e-07,"USTrawl"
"930",6,"Female",18,1.76092502103076e-07,"USTrawl"
"931",1,"Male",18,5.1940958966777e-08,"USTrawl"
"932",2,"Male",18,5.1940958966777e-08,"USTrawl"
"933",3,"Male",18,5.1940958966777e-08,"USTrawl"
"934",4,"Male",18,5.1940958966777e-08,"USTrawl"
"935",5,"Male",18,5.1940958966777e-08,"USTrawl"
"936",6,"Male",18,5.1940958966777e-08,"USTrawl"
"937",1,"Female",19,5.54441752776133e-08,"USTrawl"
"938",2,"Female",19,5.54441752776133e-08,"USTrawl"
"939",3,"Female",19,5.54441752776133e-08,"USTrawl"
"940",4,"Female",19,5.54441752776133e-08,"USTrawl"
"941",5,"Female",19,5.54441752776133e-08,"USTrawl"
"942",6,"Female",19,5.54441752776133e-08,"USTrawl"
"943",1,"Male",19,1.49356957277027e-08,"USTrawl"
"944",2,"Male",19,1.49356957277027e-08,"USTrawl"
"945",3,"Male",19,1.49356957277027e-08,"USTrawl"
"946",4,"Male",19,1.49356957277027e-08,"USTrawl"
"947",5,"Male",19,1.49356957277027e-08,"USTrawl"
"948",6,"Male",19,1.49356957277027e-08,"USTrawl"
"949",1,"Female",20,1.73497838156795e-08,"USTrawl"
"950",2,"Female",20,1.73497838156795e-08,"USTrawl"
"951",3,"Female",20,1.73497838156795e-08,"USTrawl"
"952",4,"Female",20,1.73497838156795e-08,"USTrawl"
"953",5,"Female",20,1.73497838156795e-08,"USTrawl"
"954",6,"Female",20,1.73497838156795e-08,"USTrawl"
"955",1,"Male",20,4.26632445828072e-09,"USTrawl"
"956",2,"Male",20,4.26632445828072e-09,"USTrawl"
"957",3,"Male",20,4.26632445828072e-09,"USTrawl"
"958",4,"Male",20,4.26632445828072e-09,"USTrawl"
"959",5,"Male",20,4.26632445828072e-09,"USTrawl"
"960",6,"Male",20,4.26632445828072e-09,"USTrawl"
"961",1,"Female",21,5.39904082085358e-09,"USTrawl"
"962",2,"Female",21,5.39904082085358e-09,"USTrawl"
"963",3,"Female",21,5.39904082085358e-09,"USTrawl"
"964",4,"Female",21,5.39904082085358e-09,"USTrawl"
"965",5,"Female",21,5.39904082085358e-09,"USTrawl"
"966",6,"Female",21,5.39904082085358e-09,"USTrawl"
"967",1,"Male",21,1.21137073003516e-09,"USTrawl"
"968",2,"Male",21,1.21137073003516e-09,"USTrawl"
"969",3,"Male",21,1.21137073003516e-09,"USTrawl"
"970",4,"Male",21,1.21137073003516e-09,"USTrawl"
"971",5,"Male",21,1.21137073003516e-09,"USTrawl"
"972",6,"Male",21,1.21137073003516e-09,"USTrawl"
"973",1,"Female",22,1.67166170007294e-09,"USTrawl"
"974",2,"Female",22,1.67166170007294e-09,"USTrawl"
"975",3,"Female",22,1.67166170007294e-09,"USTrawl"
"976",4,"Female",22,1.67166170007294e-09,"USTrawl"
"977",5,"Female",22,1.67166170007294e-09,"USTrawl"
"978",6,"Female",22,1.67166170007294e-09,"USTrawl"
"979",1,"Male",22,3.4208775317467e-10,"USTrawl"
"980",2,"Male",22,3.4208775317467e-10,"USTrawl"
"981",3,"Male",22,3.4208775317467e-10,"USTrawl"
"982",4,"Male",22,3.4208775317467e-10,"USTrawl"
"983",5,"Male",22,3.4208775317467e-10,"USTrawl"
"984",6,"Male",22,3.4208775317467e-10,"USTrawl"
"985",1,"Female",23,5.15209955857987e-10,"USTrawl"
"986",2,"Female",23,5.15209955857987e-10,"USTrawl"
"987",3,"Female",23,5.15209955857987e-10,"USTrawl"
"988",4,"Female",23,5.15209955857987e-10,"USTrawl"
"989",5,"Female",23,5.15209955857987e-10,"USTrawl"
"990",6,"Female",23,5.15209955857987e-10,"USTrawl"
"991",1,"Male",23,9.61269945166624e-11,"USTrawl"
"992",2,"Male",23,9.61269945166624e-11,"USTrawl"
"993",3,"Male",23,9.61269945166624e-11,"USTrawl"
"994",4,"Male",23,9.61269945166624e-11,"USTrawl"
"995",5,"Male",23,9.61269945166624e-11,"USTrawl"
"996",6,"Male",23,9.61269945166624e-11,"USTrawl"
"997",1,"Female",24,1.58122663328977e-10,"USTrawl"
"998",2,"Female",24,1.58122663328977e-10,"USTrawl"
"999",3,"Female",24,1.58122663328977e-10,"USTrawl"
"1000",4,"Female",24,1.58122663328977e-10,"USTrawl"
"1001",5,"Female",24,1.58122663328977e-10,"USTrawl"
"1002",6,"Female",24,1.58122663328977e-10,"USTrawl"
"1003",1,"Male",24,2.68895711404392e-11,"USTrawl"
"1004",2,"Male",24,2.68895711404392e-11,"USTrawl"
"1005",3,"Male",24,2.68895711404392e-11,"USTrawl"
"1006",4,"Male",24,2.68895711404392e-11,"USTrawl"
"1007",5,"Male",24,2.68895711404392e-11,"USTrawl"
"1008",6,"Male",24,2.68895711404392e-11,"USTrawl"
"1009",1,"Female",25,4.83422810525398e-11,"USTrawl"
"1010",2,"Female",25,4.83422810525398e-11,"USTrawl"
"1011",3,"Female",25,4.83422810525398e-11,"USTrawl"
"1012",4,"Female",25,4.83422810525398e-11,"USTrawl"
"1013",5,"Female",25,4.83422810525398e-11,"USTrawl"
"1014",6,"Female",25,4.83422810525398e-11,"USTrawl"
"1015",1,"Male",25,7.49055320487754e-12,"USTrawl"
"1016",2,"Male",25,7.49055320487754e-12,"USTrawl"
"1017",3,"Male",25,7.49055320487754e-12,"USTrawl"
"1018",4,"Male",25,7.49055320487754e-12,"USTrawl"
"1019",5,"Male",25,7.49055320487754e-12,"USTrawl"
"1020",6,"Male",25,7.49055320487754e-12,"USTrawl"
"1021",1,"Female",26,1.47270198465124e-11,"USTrawl"
"1022",2,"Female",26,1.47270198465124e-11,"USTrawl"
"1023",3,"Female",26,1.47270198465124e-11,"USTrawl"
"1024",4,"Female",26,1.47270198465124e-11,"USTrawl"
"1025",5,"Female",26,1.47270198465124e-11,"USTrawl"
"1026",6,"Female",26,1.47270198465124e-11,"USTrawl"
"1027",1,"Male",26,2.07863059666092e-12,"USTrawl"
"1028",2,"Male",26,2.07863059666092e-12,"USTrawl"
"1029",3,"Male",26,2.07863059666092e-12,"USTrawl"
"1030",4,"Male",26,2.07863059666092e-12,"USTrawl"
"1031",5,"Male",26,2.07863059666092e-12,"USTrawl"
"1032",6,"Male",26,2.07863059666092e-12,"USTrawl"
"1033",1,"Female",27,4.47171368430392e-12,"USTrawl"
"1034",2,"Female",27,4.47171368430392e-12,"USTrawl"
"1035",3,"Female",27,4.47171368430392e-12,"USTrawl"
"1036",4,"Female",27,4.47171368430392e-12,"USTrawl"
"1037",5,"Female",27,4.47171368430392e-12,"USTrawl"
"1038",6,"Female",27,4.47171368430392e-12,"USTrawl"
"1039",1,"Male",27,5.74777780013235e-13,"USTrawl"
"1040",2,"Male",27,5.74777780013235e-13,"USTrawl"
"1041",3,"Male",27,5.74777780013235e-13,"USTrawl"
"1042",4,"Male",27,5.74777780013235e-13,"USTrawl"
"1043",5,"Male",27,5.74777780013235e-13,"USTrawl"
"1044",6,"Male",27,5.74777780013235e-13,"USTrawl"
"1045",1,"Female",28,1.35365634663822e-12,"USTrawl"
"1046",2,"Female",28,1.35365634663822e-12,"USTrawl"
"1047",3,"Female",28,1.35365634663822e-12,"USTrawl"
"1048",4,"Female",28,1.35365634663822e-12,"USTrawl"
"1049",5,"Female",28,1.35365634663822e-12,"USTrawl"
"1050",6,"Female",28,1.35365634663822e-12,"USTrawl"
"1051",1,"Male",28,1.58414143094868e-13,"USTrawl"
"1052",2,"Male",28,1.58414143094868e-13,"USTrawl"
"1053",3,"Male",28,1.58414143094868e-13,"USTrawl"
"1054",4,"Male",28,1.58414143094868e-13,"USTrawl"
"1055",5,"Male",28,1.58414143094868e-13,"USTrawl"
"1056",6,"Male",28,1.58414143094868e-13,"USTrawl"
"1057",1,"Female",29,4.08612047527507e-13,"USTrawl"
"1058",2,"Female",29,4.08612047527507e-13,"USTrawl"
"1059",3,"Female",29,4.08612047527507e-13,"USTrawl"
"1060",4,"Female",29,4.08612047527507e-13,"USTrawl"
"1061",5,"Female",29,4.08612047527507e-13,"USTrawl"
"1062",6,"Female",29,4.08612047527507e-13,"USTrawl"
"1063",1,"Male",29,4.35270817269311e-14,"USTrawl"
"1064",2,"Male",29,4.35270817269311e-14,"USTrawl"
"1065",3,"Male",29,4.35270817269311e-14,"USTrawl"
"1066",4,"Male",29,4.35270817269311e-14,"USTrawl"
"1067",5,"Male",29,4.35270817269311e-14,"USTrawl"
"1068",6,"Male",29,4.35270817269311e-14,"USTrawl"
"1069",1,"Female",30,1.23017174664474e-13,"USTrawl"
"1070",2,"Female",30,1.23017174664474e-13,"USTrawl"
"1071",3,"Female",30,1.23017174664474e-13,"USTrawl"
"1072",4,"Female",30,1.23017174664474e-13,"USTrawl"
"1073",5,"Female",30,1.23017174664474e-13,"USTrawl"
"1074",6,"Female",30,1.23017174664474e-13,"USTrawl"
"1075",1,"Male",30,1.19257816222461e-14,"USTrawl"
"1076",2,"Male",30,1.19257816222461e-14,"USTrawl"
"1077",3,"Male",30,1.19257816222461e-14,"USTrawl"
"1078",4,"Male",30,1.19257816222461e-14,"USTrawl"
"1079",5,"Male",30,1.19257816222461e-14,"USTrawl"
"1080",6,"Male",30,1.19257816222461e-14,"USTrawl"
"1081",1,"Female",1,0.296264487268394,"Foreign"
"1082",2,"Female",1,0.296264487268394,"Foreign"
"1083",3,"Female",1,0.296264487268394,"Foreign"
"1084",4,"Female",1,0.296264487268394,"Foreign"
"1085",5,"Female",1,0.296264487268394,"Foreign"
"1086",6,"Female",1,0.296264487268394,"Foreign"
"1087",1,"Male",1,0.296264487268394,"Foreign"
"1088",2,"Male",1,0.296264487268394,"Foreign"
"1089",3,"Male",1,0.296264487268394,"Foreign"
"1090",4,"Male",1,0.296264487268394,"Foreign"
"1091",5,"Male",1,0.296264487268394,"Foreign"
"1092",6,"Male",1,0.296264487268394,"Foreign"
"1093",1,"Female",2,0.48034762946205,"Foreign"
"1094",2,"Female",2,0.48034762946205,"Foreign"
"1095",3,"Female",2,0.48034762946205,"Foreign"
"1096",4,"Female",2,0.48034762946205,"Foreign"
"1097",5,"Female",2,0.48034762946205,"Foreign"
"1098",6,"Female",2,0.48034762946205,"Foreign"
"1099",1,"Male",2,0.48034762946205,"Foreign"
"1100",2,"Male",2,0.48034762946205,"Foreign"
"1101",3,"Male",2,0.48034762946205,"Foreign"
"1102",4,"Male",2,0.48034762946205,"Foreign"
"1103",5,"Male",2,0.48034762946205,"Foreign"
"1104",6,"Male",2,0.48034762946205,"Foreign"
"1105",1,"Female",3,0.669925914473689,"Foreign"
"1106",2,"Female",3,0.669925914473689,"Foreign"
"1107",3,"Female",3,0.669925914473689,"Foreign"
"1108",4,"Female",3,0.669925914473689,"Foreign"
"1109",5,"Female",3,0.669925914473689,"Foreign"
"1110",6,"Female",3,0.669925914473689,"Foreign"
"1111",1,"Male",3,0.669925914473689,"Foreign"
"1112",2,"Male",3,0.669925914473689,"Foreign"
"1113",3,"Male",3,0.669925914473689,"Foreign"
"1114",4,"Male",3,0.669925914473689,"Foreign"
"1115",5,"Male",3,0.669925914473689,"Foreign"
"1116",6,"Male",3,0.669925914473689,"Foreign"
"1117",1,"Female",4,0.816730286258719,"Foreign"
"1118",2,"Female",4,0.816730286258719,"Foreign"
"1119",3,"Female",4,0.816730286258719,"Foreign"
"1120",4,"Female",4,0.816730286258719,"Foreign"
"1121",5,"Female",4,0.816730286258719,"Foreign"
"1122",6,"Female",4,0.816730286258719,"Foreign"
"1123",1,"Male",4,0.816730286258719,"Foreign"
"1124",2,"Male",4,0.816730286258719,"Foreign"
"1125",3,"Male",4,0.816730286258719,"Foreign"
"1126",4,"Male",4,0.816730286258719,"Foreign"
"1127",5,"Male",4,0.816730286258719,"Foreign"
"1128",6,"Male",4,0.816730286258719,"Foreign"
"1129",1,"Female",5,0.907278577177866,"Foreign"
"1130",2,"Female",5,0.907278577177866,"Foreign"
"1131",3,"Female",5,0.907278577177866,"Foreign"
"1132",4,"Female",5,0.907278577177866,"Foreign"
"1133",5,"Female",5,0.907278577177866,"Foreign"
"1134",6,"Female",5,0.907278577177866,"Foreign"
"1135",1,"Male",5,0.907278577177866,"Foreign"
"1136",2,"Male",5,0.907278577177866,"Foreign"
"1137",3,"Male",5,0.907278577177866,"Foreign"
"1138",4,"Male",5,0.907278577177866,"Foreign"
"1139",5,"Male",5,0.907278577177866,"Foreign"
"1140",6,"Male",5,0.907278577177866,"Foreign"
"1141",1,"Female",6,0.955525692946351,"Foreign"
"1142",2,"Female",6,0.955525692946351,"Foreign"
"1143",3,"Female",6,0.955525692946351,"Foreign"
"1144",4,"Female",6,0.955525692946351,"Foreign"
"1145",5,"Female",6,0.955525692946351,"Foreign"
"1146",6,"Female",6,0.955525692946351,"Foreign"
"1147",1,"Male",6,0.955525692946351,"Foreign"
"1148",2,"Male",6,0.955525692946351,"Foreign"
"1149",3,"Male",6,0.955525692946351,"Foreign"
"1150",4,"Male",6,0.955525692946351,"Foreign"
"1151",5,"Male",6,0.955525692946351,"Foreign"
"1152",6,"Male",6,0.955525692946351,"Foreign"
"1153",1,"Female",7,0.979242059183261,"Foreign"
"1154",2,"Female",7,0.979242059183261,"Foreign"
"1155",3,"Female",7,0.979242059183261,"Foreign"
"1156",4,"Female",7,0.979242059183261,"Foreign"
"1157",5,"Female",7,0.979242059183261,"Foreign"
"1158",6,"Female",7,0.979242059183261,"Foreign"
"1159",1,"Male",7,0.979242059183261,"Foreign"
"1160",2,"Male",7,0.979242059183261,"Foreign"
"1161",3,"Male",7,0.979242059183261,"Foreign"
"1162",4,"Male",7,0.979242059183261,"Foreign"
"1163",5,"Male",7,0.979242059183261,"Foreign"
"1164",6,"Male",7,0.979242059183261,"Foreign"
"1165",1,"Female",8,0.990437996596974,"Foreign"
"1166",2,"Female",8,0.990437996596974,"Foreign"
"1167",3,"Female",8,0.990437996596974,"Foreign"
"1168",4,"Female",8,0.990437996596974,"Foreign"
"1169",5,"Female",8,0.990437996596974,"Foreign"
"1170",6,"Female",8,0.990437996596974,"Foreign"
"1171",1,"Male",8,0.990437996596974,"Foreign"
"1172",2,"Male",8,0.990437996596974,"Foreign"
"1173",3,"Male",8,0.990437996596974,"Foreign"
"1174",4,"Male",8,0.990437996596974,"Foreign"
"1175",5,"Male",8,0.990437996596974,"Foreign"
"1176",6,"Male",8,0.990437996596974,"Foreign"
"1177",1,"Female",9,0.995622323987207,"Foreign"
"1178",2,"Female",9,0.995622323987207,"Foreign"
"1179",3,"Female",9,0.995622323987207,"Foreign"
"1180",4,"Female",9,0.995622323987207,"Foreign"
"1181",5,"Female",9,0.995622323987207,"Foreign"
"1182",6,"Female",9,0.995622323987207,"Foreign"
"1183",1,"Male",9,0.995622323987207,"Foreign"
"1184",2,"Male",9,0.995622323987207,"Foreign"
"1185",3,"Male",9,0.995622323987207,"Foreign"
"1186",4,"Male",9,0.995622323987207,"Foreign"
"1187",5,"Male",9,0.995622323987207,"Foreign"
"1188",6,"Male",9,0.995622323987207,"Foreign"
"1189",1,"Female",10,0.998001484282938,"Foreign"
"1190",2,"Female",10,0.998001484282938,"Foreign"
"1191",3,"Female",10,0.998001484282938,"Foreign"
"1192",4,"Female",10,0.998001484282938,"Foreign"
"1193",5,"Female",10,0.998001484282938,"Foreign"
"1194",6,"Female",10,0.998001484282938,"Foreign"
"1195",1,"Male",10,0.998001484282938,"Foreign"
"1196",2,"Male",10,0.998001484282938,"Foreign"
"1197",3,"Male",10,0.998001484282938,"Foreign"
"1198",4,"Male",10,0.998001484282938,"Foreign"
"1199",5,"Male",10,0.998001484282938,"Foreign"
"1200",6,"Male",10,0.998001484282938,"Foreign"
"1201",1,"Female",11,0.999088812262201,"Foreign"
"1202",2,"Female",11,0.999088812262201,"Foreign"
"1203",3,"Female",11,0.999088812262201,"Foreign"
"1204",4,"Female",11,0.999088812262201,"Foreign"
"1205",5,"Female",11,0.999088812262201,"Foreign"
"1206",6,"Female",11,0.999088812262201,"Foreign"
"1207",1,"Male",11,0.999088812262201,"Foreign"
"1208",2,"Male",11,0.999088812262201,"Foreign"
"1209",3,"Male",11,0.999088812262201,"Foreign"
"1210",4,"Male",11,0.999088812262201,"Foreign"
"1211",5,"Male",11,0.999088812262201,"Foreign"
"1212",6,"Male",11,0.999088812262201,"Foreign"
"1213",1,"Female",12,0.999584806250313,"Foreign"
"1214",2,"Female",12,0.999584806250313,"Foreign"
"1215",3,"Female",12,0.999584806250313,"Foreign"
"1216",4,"Female",12,0.999584806250313,"Foreign"
"1217",5,"Female",12,0.999584806250313,"Foreign"
"1218",6,"Female",12,0.999584806250313,"Foreign"
"1219",1,"Male",12,0.999584806250313,"Foreign"
"1220",2,"Male",12,0.999584806250313,"Foreign"
"1221",3,"Male",12,0.999584806250313,"Foreign"
"1222",4,"Male",12,0.999584806250313,"Foreign"
"1223",5,"Male",12,0.999584806250313,"Foreign"
"1224",6,"Male",12,0.999584806250313,"Foreign"
"1225",1,"Female",13,0.999810863041057,"Foreign"
"1226",2,"Female",13,0.999810863041057,"Foreign"
"1227",3,"Female",13,0.999810863041057,"Foreign"
"1228",4,"Female",13,0.999810863041057,"Foreign"
"1229",5,"Female",13,0.999810863041057,"Foreign"
"1230",6,"Female",13,0.999810863041057,"Foreign"
"1231",1,"Male",13,0.999810863041057,"Foreign"
"1232",2,"Male",13,0.999810863041057,"Foreign"
"1233",3,"Male",13,0.999810863041057,"Foreign"
"1234",4,"Male",13,0.999810863041057,"Foreign"
"1235",5,"Male",13,0.999810863041057,"Foreign"
"1236",6,"Male",13,0.999810863041057,"Foreign"
"1237",1,"Female",14,0.999913851340258,"Foreign"
"1238",2,"Female",14,0.999913851340258,"Foreign"
"1239",3,"Female",14,0.999913851340258,"Foreign"
"1240",4,"Female",14,0.999913851340258,"Foreign"
"1241",5,"Female",14,0.999913851340258,"Foreign"
"1242",6,"Female",14,0.999913851340258,"Foreign"
"1243",1,"Male",14,0.999913851340258,"Foreign"
"1244",2,"Male",14,0.999913851340258,"Foreign"
"1245",3,"Male",14,0.999913851340258,"Foreign"
"1246",4,"Male",14,0.999913851340258,"Foreign"
"1247",5,"Male",14,0.999913851340258,"Foreign"
"1248",6,"Male",14,0.999913851340258,"Foreign"
"1249",1,"Female",15,0.999960762955232,"Foreign"
"1250",2,"Female",15,0.999960762955232,"Foreign"
"1251",3,"Female",15,0.999960762955232,"Foreign"
"1252",4,"Female",15,0.999960762955232,"Foreign"
"1253",5,"Female",15,0.999960762955232,"Foreign"
"1254",6,"Female",15,0.999960762955232,"Foreign"
"1255",1,"Male",15,0.999960762955232,"Foreign"
"1256",2,"Male",15,0.999960762955232,"Foreign"
"1257",3,"Male",15,0.999960762955232,"Foreign"
"1258",4,"Male",15,0.999960762955232,"Foreign"
"1259",5,"Male",15,0.999960762955232,"Foreign"
"1260",6,"Male",15,0.999960762955232,"Foreign"
"1261",1,"Female",16,0.999982129654064,"Foreign"
"1262",2,"Female",16,0.999982129654064,"Foreign"
"1263",3,"Female",16,0.999982129654064,"Foreign"
"1264",4,"Female",16,0.999982129654064,"Foreign"
"1265",5,"Female",16,0.999982129654064,"Foreign"
"1266",6,"Female",16,0.999982129654064,"Foreign"
"1267",1,"Male",16,0.999982129654064,"Foreign"
"1268",2,"Male",16,0.999982129654064,"Foreign"
"1269",3,"Male",16,0.999982129654064,"Foreign"
"1270",4,"Male",16,0.999982129654064,"Foreign"
"1271",5,"Male",16,0.999982129654064,"Foreign"
"1272",6,"Male",16,0.999982129654064,"Foreign"
"1273",1,"Female",17,0.999991861121297,"Foreign"
"1274",2,"Female",17,0.999991861121297,"Foreign"
"1275",3,"Female",17,0.999991861121297,"Foreign"
"1276",4,"Female",17,0.999991861121297,"Foreign"
"1277",5,"Female",17,0.999991861121297,"Foreign"
"1278",6,"Female",17,0.999991861121297,"Foreign"
"1279",1,"Male",17,0.999991861121297,"Foreign"
"1280",2,"Male",17,0.999991861121297,"Foreign"
"1281",3,"Male",17,0.999991861121297,"Foreign"
"1282",4,"Male",17,0.999991861121297,"Foreign"
"1283",5,"Male",17,0.999991861121297,"Foreign"
"1284",6,"Male",17,0.999991861121297,"Foreign"
"1285",1,"Female",18,0.999996293244924,"Foreign"
"1286",2,"Female",18,0.999996293244924,"Foreign"
"1287",3,"Female",18,0.999996293244924,"Foreign"
"1288",4,"Female",18,0.999996293244924,"Foreign"
"1289",5,"Female",18,0.999996293244924,"Foreign"
"1290",6,"Female",18,0.999996293244924,"Foreign"
"1291",1,"Male",18,0.999996293244924,"Foreign"
"1292",2,"Male",18,0.999996293244924,"Foreign"
"1293",3,"Male",18,0.999996293244924,"Foreign"
"1294",4,"Male",18,0.999996293244924,"Foreign"
"1295",5,"Male",18,0.999996293244924,"Foreign"
"1296",6,"Male",18,0.999996293244924,"Foreign"
"1297",1,"Female",19,0.999998311806758,"Foreign"
"1298",2,"Female",19,0.999998311806758,"Foreign"
"1299",3,"Female",19,0.999998311806758,"Foreign"
"1300",4,"Female",19,0.999998311806758,"Foreign"
"1301",5,"Female",19,0.999998311806758,"Foreign"
"1302",6,"Female",19,0.999998311806758,"Foreign"
"1303",1,"Male",19,0.999998311806758,"Foreign"
"1304",2,"Male",19,0.999998311806758,"Foreign"
"1305",3,"Male",19,0.999998311806758,"Foreign"
"1306",4,"Male",19,0.999998311806758,"Foreign"
"1307",5,"Male",19,0.999998311806758,"Foreign"
"1308",6,"Male",19,0.999998311806758,"Foreign"
"1309",1,"Female",20,0.999999231135256,"Foreign"
"1310",2,"Female",20,0.999999231135256,"Foreign"
"1311",3,"Female",20,0.999999231135256,"Foreign"
"1312",4,"Female",20,0.999999231135256,"Foreign"
"1313",5,"Female",20,0.999999231135256,"Foreign"
"1314",6,"Female",20,0.999999231135256,"Foreign"
"1315",1,"Male",20,0.999999231135256,"Foreign"
"1316",2,"Male",20,0.999999231135256,"Foreign"
"1317",3,"Male",20,0.999999231135256,"Foreign"
"1318",4,"Male",20,0.999999231135256,"Foreign"
"1319",5,"Male",20,0.999999231135256,"Foreign"
"1320",6,"Male",20,0.999999231135256,"Foreign"
"1321",1,"Female",21,0.999999649831143,"Foreign"
"1322",2,"Female",21,0.999999649831143,"Foreign"
"1323",3,"Female",21,0.999999649831143,"Foreign"
"1324",4,"Female",21,0.999999649831143,"Foreign"
"1325",5,"Female",21,0.999999649831143,"Foreign"
"1326",6,"Female",21,0.999999649831143,"Foreign"
"1327",1,"Male",21,0.999999649831143,"Foreign"
"1328",2,"Male",21,0.999999649831143,"Foreign"
"1329",3,"Male",21,0.999999649831143,"Foreign"
"1330",4,"Male",21,0.999999649831143,"Foreign"
"1331",5,"Male",21,0.999999649831143,"Foreign"
"1332",6,"Male",21,0.999999649831143,"Foreign"
"1333",1,"Female",22,0.999999840520454,"Foreign"
"1334",2,"Female",22,0.999999840520454,"Foreign"
"1335",3,"Female",22,0.999999840520454,"Foreign"
"1336",4,"Female",22,0.999999840520454,"Foreign"
"1337",5,"Female",22,0.999999840520454,"Foreign"
"1338",6,"Female",22,0.999999840520454,"Foreign"
"1339",1,"Male",22,0.999999840520454,"Foreign"
"1340",2,"Male",22,0.999999840520454,"Foreign"
"1341",3,"Male",22,0.999999840520454,"Foreign"
"1342",4,"Male",22,0.999999840520454,"Foreign"
"1343",5,"Male",22,0.999999840520454,"Foreign"
"1344",6,"Male",22,0.999999840520454,"Foreign"
"1345",1,"Female",23,0.999999927367262,"Foreign"
"1346",2,"Female",23,0.999999927367262,"Foreign"
"1347",3,"Female",23,0.999999927367262,"Foreign"
"1348",4,"Female",23,0.999999927367262,"Foreign"
"1349",5,"Female",23,0.999999927367262,"Foreign"
"1350",6,"Female",23,0.999999927367262,"Foreign"
"1351",1,"Male",23,0.999999927367262,"Foreign"
"1352",2,"Male",23,0.999999927367262,"Foreign"
"1353",3,"Male",23,0.999999927367262,"Foreign"
"1354",4,"Male",23,0.999999927367262,"Foreign"
"1355",5,"Male",23,0.999999927367262,"Foreign"
"1356",6,"Male",23,0.999999927367262,"Foreign"
"1357",1,"Female",24,0.999999966920432,"Foreign"
"1358",2,"Female",24,0.999999966920432,"Foreign"
"1359",3,"Female",24,0.999999966920432,"Foreign"
"1360",4,"Female",24,0.999999966920432,"Foreign"
"1361",5,"Female",24,0.999999966920432,"Foreign"
"1362",6,"Female",24,0.999999966920432,"Foreign"
"1363",1,"Male",24,0.999999966920432,"Foreign"
"1364",2,"Male",24,0.999999966920432,"Foreign"
"1365",3,"Male",24,0.999999966920432,"Foreign"
"1366",4,"Male",24,0.999999966920432,"Foreign"
"1367",5,"Male",24,0.999999966920432,"Foreign"
"1368",6,"Male",24,0.999999966920432,"Foreign"
"1369",1,"Female",25,0.999999984934373,"Foreign"
"1370",2,"Female",25,0.999999984934373,"Foreign"
"1371",3,"Female",25,0.999999984934373,"Foreign"
"1372",4,"Female",25,0.999999984934373,"Foreign"
"1373",5,"Female",25,0.999999984934373,"Foreign"
"1374",6,"Female",25,0.999999984934373,"Foreign"
"1375",1,"Male",25,0.999999984934373,"Foreign"
"1376",2,"Male",25,0.999999984934373,"Foreign"
"1377",3,"Male",25,0.999999984934373,"Foreign"
"1378",4,"Male",25,0.999999984934373,"Foreign"
"1379",5,"Male",25,0.999999984934373,"Foreign"
"1380",6,"Male",25,0.999999984934373,"Foreign"
"1381",1,"Female",26,0.99999999313857,"Foreign"
"1382",2,"Female",26,0.99999999313857,"Foreign"
"1383",3,"Female",26,0.99999999313857,"Foreign"
"1384",4,"Female",26,0.99999999313857,"Foreign"
"1385",5,"Female",26,0.99999999313857,"Foreign"
"1386",6,"Female",26,0.99999999313857,"Foreign"
"1387",1,"Male",26,0.99999999313857,"Foreign"
"1388",2,"Male",26,0.99999999313857,"Foreign"
"1389",3,"Male",26,0.99999999313857,"Foreign"
"1390",4,"Male",26,0.99999999313857,"Foreign"
"1391",5,"Male",26,0.99999999313857,"Foreign"
"1392",6,"Male",26,0.99999999313857,"Foreign"
"1393",1,"Female",27,0.999999996875058,"Foreign"
"1394",2,"Female",27,0.999999996875058,"Foreign"
"1395",3,"Female",27,0.999999996875058,"Foreign"
"1396",4,"Female",27,0.999999996875058,"Foreign"
"1397",5,"Female",27,0.999999996875058,"Foreign"
"1398",6,"Female",27,0.999999996875058,"Foreign"
"1399",1,"Male",27,0.999999996875058,"Foreign"
"1400",2,"Male",27,0.999999996875058,"Foreign"
"1401",3,"Male",27,0.999999996875058,"Foreign"
"1402",4,"Male",27,0.999999996875058,"Foreign"
"1403",5,"Male",27,0.999999996875058,"Foreign"
"1404",6,"Male",27,0.999999996875058,"Foreign"
"1405",1,"Female",28,0.999999998576789,"Foreign"
"1406",2,"Female",28,0.999999998576789,"Foreign"
"1407",3,"Female",28,0.999999998576789,"Foreign"
"1408",4,"Female",28,0.999999998576789,"Foreign"
"1409",5,"Female",28,0.999999998576789,"Foreign"
"1410",6,"Female",28,0.999999998576789,"Foreign"
"1411",1,"Male",28,0.999999998576789,"Foreign"
"1412",2,"Male",28,0.999999998576789,"Foreign"
"1413",3,"Male",28,0.999999998576789,"Foreign"
"1414",4,"Male",28,0.999999998576789,"Foreign"
"1415",5,"Male",28,0.999999998576789,"Foreign"
"1416",6,"Male",28,0.999999998576789,"Foreign"
"1417",1,"Female",29,0.999999999351818,"Foreign"
"1418",2,"Female",29,0.999999999351818,"Foreign"
"1419",3,"Female",29,0.999999999351818,"Foreign"
"1420",4,"Female",29,0.999999999351818,"Foreign"
"1421",5,"Female",29,0.999999999351818,"Foreign"
"1422",6,"Female",29,0.999999999351818,"Foreign"
"1423",1,"Male",29,0.999999999351818,"Foreign"
"1424",2,"Male",29,0.999999999351818,"Foreign"
"1425",3,"Male",29,0.999999999351818,"Foreign"
"1426",4,"Male",29,0.999999999351818,"Foreign"
"1427",5,"Male",29,0.999999999351818,"Foreign"
"1428",6,"Male",29,0.999999999351818,"Foreign"
"1429",1,"Female",30,0.999999999704795,"Foreign"
"1430",2,"Female",30,0.999999999704795,"Foreign"
"1431",3,"Female",30,0.999999999704795,"Foreign"
"1432",4,"Female",30,0.999999999704795,"Foreign"
"1433",5,"Female",30,0.999999999704795,"Foreign"
"1434",6,"Female",30,0.999999999704795,"Foreign"
"1435",1,"Male",30,0.999999999704795,"Foreign"
"1436",2,"Male",30,0.999999999704795,"Foreign"
"1437",3,"Male",30,0.999999999704795,"Foreign"
"1438",4,"Male",30,0.999999999704795,"Foreign"
"1439",5,"Male",30,0.999999999704795,"Foreign"
"1440",6,"Male",30,0.999999999704795,"Foreign"
